,25,25,60,70,75,80,85,90,95,100,105,105,111,117,122,154,209,209,209,264,318,372,427,481,536,590,644,650,655,661,666,672,677,688,699
25,0.0,0.0,0.013330836945441238,0.023877535697039765,0.05690278829147566,0.0740707148283436,0.08359435910517554,0.09361154421108031,0.10364227083657562,0.12195040770671195,0.22677540476241265,0.22677540476241265,0.253502685963344,0.26716508145585294,0.2721061983018521,0.2703315170494961,0.22667113370712388,0.2362010011416501,0.21740246888764547,0.20147242097912488,0.16775261490750104,0.13544565379737816,0.11936656451511052,0.10195876885762101,0.08976886271004536,0.08055163309204472,0.07346664800314961,0.07269417503758857,0.0715589853185159,0.07114502484815977,0.07125304178053904,0.07027448232482336,0.06874420756603128,0.06891254892273979,0.06643008479183032
25,0.0,0.0,0.013330836945441238,0.023877535697039765,0.05690278829147566,0.0740707148283436,0.08359435910517554,0.09361154421108031,0.10364227083657562,0.12195040770671195,0.22677540476241265,0.22677540476241265,0.253502685963344,0.26716508145585294,0.2721061983018521,0.2703315170494961,0.22667113370712388,0.2362010011416501,0.21740246888764547,0.20147242097912488,0.16775261490750104,0.13544565379737816,0.11936656451511052,0.10195876885762101,0.08976886271004536,0.08055163309204472,0.07346664800314961,0.07269417503758857,0.0715589853185159,0.07114502484815977,0.07125304178053904,0.07027448232482336,0.06874420756603128,0.06891254892273979,0.06643008479183032
60,0.013330836945441238,0.013330836945441238,0.0,0.0018733490292595079,0.016716695167288687,0.026822125743573788,0.032941224989438744,0.03975693876897002,0.04677106341748549,0.06057379899721438,0.14803019680382445,0.14803019680382445,0.17184924936049473,0.1840719984987903,0.18841476531899193,0.18627296301581786,0.14737629499444493,0.15559870032915057,0.13951658737211614,0.12585783387885663,0.09845268004129049,0.07386538174706825,0.06296262704553024,0.05185970319758626,0.04529302948956848,0.041328506481347116,0.03931914574482864,0.03937350222875324,0.0390018821001652,0.03926987404137905,0.03956511755318548,0.039326666479712946,0.038762300950838546,0.03941274456170574,0.03881660866504799
70,0.023877535697039765,0.023877535697039765,0.0018733490292595079,0.0,0.008041845131702696,0.01540696648246731,0.02020106349059403,0.025663528563818594,0.0314428479411093,0.04330257608562471,0.12277212401416704,0.12277212401416704,0.14512995104634163,0.15662105447036256,0.16069991911538695,0.15847085465938593,0.12201292443520373,0.12969017913161862,0.11473498353133749,0.10225308218366669,0.0776260461060172,0.05619961927614525,0.04737259131617211,0.0387175805455775,0.034231698453999426,0.032160617745010556,0.03200974711904392,0.032393937743183665,0.03231408706053884,0.03279526935935162,0.03320975442720109,0.03326512968473461,0.032922768523853896,0.033795926358878514,0.033841228569662984
75,0.05690278829147566,0.05690278829147566,0.016716695167288687,0.008041845131702696,0.0,0.0014742398913220045,0.0031001268484481814,0.0053700027303774656,0.008224528469020775,0.015030299932830227,0.07350341261698468,0.07350341261698468,0.0917618165789752,0.10133916029740098,0.1046875154394139,0.10265617594701504,0.07295488361408464,0.07912257757063879,0.06727220936769152,0.058015624025061996,0.0405268846629262,0.026929858917654204,0.02314335756771535,0.02018912402394546,0.020514199905300123,0.02265030171871174,0.02666099610854189,0.027664481409637065,0.028161794471727952,0.029169371093703544,0.029750219698200908,0.03040072574026409,0.030673512359757904,0.03191332285353676,0.0335408437293353
80,0.0740707148283436,0.0740707148283436,0.026822125743573788,0.01540696648246731,0.0014742398913220045,0.0,0.0005561793251152025,0.0015832469526307902,0.003236334500698712,0.007960002322254911,0.057357850515188935,0.057357850515188935,0.07388469088145722,0.08262268337671974,0.0856472997683908,0.08365665065032069,0.056762524431983374,0.062227942135502534,0.05181708683762909,0.043705843521436694,0.02905187753598093,0.018671017059336825,0.01679361983655603,0.01605622267364082,0.018174238939938858,0.02203281630528453,0.027505463248582274,0.02881159267404476,0.029553516990572848,0.030841150435028775,0.031330436339495504,0.032222236953443284,0.03281643485749819,0.034203463732321415,0.03637531699018859
85,0.08359435910517554,0.08359435910517554,0.032941224989438744,0.02020106349059403,0.0031001268484481814,0.0005561793251152025,0.0,0.0006291838772612968,0.0015775404359750222,0.005107698218319023,0.04975649789956493,0.04975649789956493,0.06532788505555198,0.07355174736035086,0.07651621821700794,0.07451895014552945,0.04916645777303308,0.05430804814288792,0.04456106510708202,0.037249072244673,0.024110305095633833,0.015359268679299487,0.014513117895823546,0.01488270362938604,0.01798428535024621,0.022634848157668475,0.02889799823555994,0.030366102447137888,0.031210768073228867,0.03254936157350563,0.033096173920753036,0.03412512592214667,0.03483733497752006,0.03624349644943825,0.038720806873536295
90,0.09361154421108031,0.09361154421108031,0.03975693876897002,0.025663528563818594,0.0053700027303774656,0.0015832469526307902,0.0006291838772612968,0.0,0.0005713360029939718,0.002907295033729218,0.04223933165471638,0.04223933165471638,0.05680139318135724,0.06457197726930608,0.0672553909600937,0.06535636906806652,0.04178046599851304,0.046575585066961356,0.03753834489586472,0.030974560429401277,0.019486992718862006,0.01247787492096053,0.012709124840927677,0.01426502083497172,0.018231129313317718,0.023739160697142325,0.030751351170896557,0.032288623299062236,0.03321576604531307,0.0346635088903664,0.035240965289646264,0.03644630416772665,0.03721179343536418,0.03869099332157744,0.04142797605283677
95,0.10364227083657562,0.10364227083657562,0.04677106341748549,0.0314428479411093,0.008224528469020775,0.003236334500698712,0.0015775404359750222,0.0005713360029939718,0.0,0.0014142209776447645,0.03570310815899902,0.03570310815899902,0.04916482402175071,0.056381927827124256,0.05897184131813715,0.05710350385809104,0.03515883196781422,0.0395751886150707,0.03131276550333362,0.025485562415116902,0.01560278264814352,0.010210006363876478,0.011352978811337122,0.014022862011650816,0.018999346102110848,0.025206656713160025,0.032925932899293575,0.034619128915002295,0.03566910811869395,0.03716232221243121,0.03780697447235504,0.03904987275761518,0.03998759000412788,0.04147697322817756,0.04447855658022404
100,0.12195040770671195,0.12195040770671195,0.06057379899721438,0.04330257608562471,0.015030299932830227,0.007960002322254911,0.005107698218319023,0.002907295033729218,0.0014142209776447645,0.0,0.02396580660475167,0.02396580660475167,0.03529941381103774,0.04149572621078235,0.04371323377155989,0.042123646031863915,0.023772506057893272,0.027417328471915137,0.020731641165107506,0.016361061138382427,0.009467177339538835,0.007359629996338546,0.010297598176167155,0.0149064130120381,0.021387310347128374,0.02889362147457364,0.03782942000613132,0.03965984725123528,0.040910807934436244,0.042552908357232244,0.04313257795996628,0.04465920430869119,0.045779994038625094,0.04728958749382217,0.05073505009647594
105,0.22677540476241265,0.22677540476241265,0.14803019680382445,0.12277212401416704,0.07350341261698468,0.057357850515188935,0.04975649789956493,0.04223933165471638,0.03570310815899902,0.02396580660475167,0.0,0.0,0.0013363981320639873,0.002707508350401011,0.0032761816620183737,0.003019988812090868,0.001368031901106459,0.0014726971526531907,0.001999692121488872,0.004285423622061635,0.011583923667634832,0.02367610420849864,0.03432522997255194,0.047546413367972495,0.060511523014085355,0.07349506103807923,0.08732729518902504,0.08987525551112618,0.09183983774063642,0.09411075965043869,0.0946455514935568,0.09697548905189435,0.09897524671605262,0.10059499564325936,0.10604337595399094
105,0.22677540476241265,0.22677540476241265,0.14803019680382445,0.12277212401416704,0.07350341261698468,0.057357850515188935,0.04975649789956493,0.04223933165471638,0.03570310815899902,0.02396580660475167,0.0,0.0,0.0013363981320639873,0.002707508350401011,0.0032761816620183737,0.003019988812090868,0.001368031901106459,0.0014726971526531907,0.001999692121488872,0.004285423622061635,0.011583923667634832,0.02367610420849864,0.03432522997255194,0.047546413367972495,0.060511523014085355,0.07349506103807923,0.08732729518902504,0.08987525551112618,0.09183983774063642,0.09411075965043869,0.0946455514935568,0.09697548905189435,0.09897524671605262,0.10059499564325936,0.10604337595399094
111,0.253502685963344,0.253502685963344,0.17184924936049473,0.14512995104634163,0.0917618165789752,0.07388469088145722,0.06532788505555198,0.05680139318135724,0.04916482402175071,0.03529941381103774,0.0013363981320639873,0.0013363981320639873,0.0,0.0004354489232774039,0.000640312562105172,0.0006856090269166115,0.002741273114444609,0.002034241191639641,0.004210157089216238,0.007844379676688606,0.017993130066619956,0.03301997978530968,0.04521065371358124,0.06011454064078403,0.07438238774227124,0.08833496453166723,0.10318551473835158,0.10582646639360627,0.1079738141555936,0.11027232757481753,0.11088207638842429,0.11333797023545689,0.11548478731309586,0.11711526573406239,0.12292402925425527
117,0.26716508145585294,0.26716508145585294,0.1840719984987903,0.15662105447036256,0.10133916029740098,0.08262268337671974,0.07355174736035086,0.06457197726930608,0.056381927827124256,0.04149572621078235,0.002707508350401011,0.002707508350401011,0.0004354489232774039,0.0,0.00024253302948462618,0.0003230912759729643,0.004074152535483377,0.00301263149848241,0.005908130893238939,0.010164310983234004,0.021736296266294253,0.03816632985828916,0.0510640268010254,0.06670094296429707,0.08156408767701884,0.09599518113825167,0.11125617698509305,0.1139326361702111,0.1161816111871864,0.11856081479231739,0.11907948205899122,0.12160063679202515,0.12389540595221249,0.12548349287485405,0.13147706682655758
122,0.2721061983018521,0.2721061983018521,0.18841476531899193,0.16069991911538695,0.1046875154394139,0.0856472997683908,0.07651621821700794,0.0672553909600937,0.05897184131813715,0.04371323377155989,0.0032761816620183737,0.0032761816620183737,0.000640312562105172,0.00024253302948462618,0.0,0.00037197651233067397,0.004584924123296585,0.0033801863081702743,0.006566425232251372,0.01096510765978076,0.02295413660747958,0.03983557817666894,0.05294471284133151,0.06890722416486017,0.08388027392865827,0.09851901157252241,0.1138706150316916,0.11660179775760904,0.11884648823507926,0.12122342470383296,0.12182245628004562,0.12434502825268823,0.12662871646583984,0.12824062015760096,0.1342609080507451
154,0.2703315170494961,0.2703315170494961,0.18627296301581786,0.15847085465938593,0.10265617594701504,0.08365665065032069,0.07451895014552945,0.06535636906806652,0.05710350385809104,0.042123646031863915,0.003019988812090868,0.003019988812090868,0.0006856090269166115,0.0003230912759729643,0.00037197651233067397,0.0,0.0035719452242378713,0.002402781150044775,0.005517458480203019,0.00928725367314387,0.02075753241795164,0.03711468182720934,0.049857907482252495,0.0655263588243501,0.08033341623609791,0.09486164663923935,0.11011953048869638,0.11279609449872163,0.11508106924627193,0.11740972042621622,0.11798199606614268,0.12045828484349774,0.12280720614466356,0.12444874312172027,0.1303831503961499
209,0.22667113370712388,0.22667113370712388,0.14737629499444493,0.12201292443520373,0.07295488361408464,0.056762524431983374,0.04916645777303308,0.04178046599851304,0.03515883196781422,0.023772506057893272,0.001368031901106459,0.001368031901106459,0.002741273114444609,0.004074152535483377,0.004584924123296585,0.0035719452242378713,0.0,0.0003528796048003491,0.0003763416012168008,0.0018838044814027954,0.007969322912356858,0.019126427803894508,0.028849180540715058,0.041424238197452334,0.0538241307570696,0.06621947663012784,0.07958138556356542,0.08197462568783875,0.08392637813734916,0.08603438707431554,0.08658123300388243,0.08874532395723111,0.09081783865275683,0.09241255332384302,0.09775069351379584
209,0.2362010011416501,0.2362010011416501,0.15559870032915057,0.12969017913161862,0.07912257757063879,0.062227942135502534,0.05430804814288792,0.046575585066961356,0.0395751886150707,0.027417328471915137,0.0014726971526531907,0.0014726971526531907,0.002034241191639641,0.00301263149848241,0.0033801863081702743,0.002402781150044775,0.0003528796048003491,0.0,0.0014577992050998079,0.002601710694558945,0.00970031340488453,0.02190973781155492,0.03208036424469307,0.045277346073498426,0.05816316159181223,0.07110103523775879,0.08494879004860578,0.0874465892241506,0.08950606550768392,0.0916829785322455,0.09223001201325542,0.09444157451818791,0.09662453065280796,0.09818679833259292,0.1037185269384322
209,0.21740246888764547,0.21740246888764547,0.13951658737211614,0.11473498353133749,0.06727220936769152,0.05181708683762909,0.04456106510708202,0.03753834489586472,0.03131276550333362,0.020731641165107506,0.001999692121488872,0.001999692121488872,0.004210157089216238,0.005908130893238939,0.006566425232251372,0.005517458480203019,0.0003763416012168008,0.0014577992050998079,0.0,0.0018817863478441943,0.006916581397333421,0.01697868919124379,0.02623171951702763,0.03815519718545812,0.05004409092110329,0.06186998670841348,0.07472026172956958,0.07700375160506079,0.07884281195876663,0.08087810284584207,0.08142434642957652,0.08353781017593032,0.08549474119397593,0.08712177900066376,0.0922560471997641
264,0.20147242097912488,0.20147242097912488,0.12585783387885663,0.10225308218366669,0.058015624025061996,0.043705843521436694,0.037249072244673,0.030974560429401277,0.025485562415116902,0.016361061138382427,0.004285423622061635,0.004285423622061635,0.007844379676688606,0.010164310983234004,0.01096510765978076,0.00928725367314387,0.0018838044814027954,0.002601710694558945,0.0018817863478441943,0.0,0.0026917190136646063,0.010171292747004457,0.017601947797541873,0.027880428718738526,0.038441408641005315,0.04943857134281282,0.061517119026350264,0.06369729295513193,0.06549508767216483,0.06745771187448923,0.06799434718160347,0.06993416257667529,0.07188767232184634,0.07337694277317075,0.07825665565165774
318,0.16775261490750104,0.16775261490750104,0.09845268004129049,0.0776260461060172,0.0405268846629262,0.02905187753598093,0.024110305095633833,0.019486992718862006,0.01560278264814352,0.009467177339538835,0.011583923667634832,0.011583923667634832,0.017993130066619956,0.021736296266294253,0.02295413660747958,0.02075753241795164,0.007969322912356858,0.00970031340488453,0.006916581397333421,0.0026917190136646063,0.0,0.0028250644711250716,0.007213161093969855,0.014214714936493955,0.02221904186648349,0.030969669849181036,0.04099588615644412,0.04291592772087938,0.04439001828582467,0.046079795026450876,0.04655123383094595,0.048216529864261615,0.04987986652978893,0.05111187663648309,0.05530483005843967
372,0.13544565379737816,0.13544565379737816,0.07386538174706825,0.05619961927614525,0.026929858917654204,0.018671017059336825,0.015359268679299487,0.01247787492096053,0.010210006363876478,0.007359629996338546,0.02367610420849864,0.02367610420849864,0.03301997978530968,0.03816632985828916,0.03983557817666894,0.03711468182720934,0.019126427803894508,0.02190973781155492,0.01697868919124379,0.010171292747004457,0.0028250644711250716,0.0,0.0014391104200600635,0.0049869168112671725,0.01014823928955999,0.016408196436551448,0.02410809124594493,0.025592143395461342,0.02678434155617304,0.02815008091519766,0.028524351769077194,0.029929492638713695,0.03113337754296608,0.032322997615503835,0.03564775147044852
427,0.11936656451511052,0.11936656451511052,0.06296262704553024,0.04737259131617211,0.02314335756771535,0.01679361983655603,0.014513117895823546,0.012709124840927677,0.011352978811337122,0.010297598176167155,0.03432522997255194,0.03432522997255194,0.04521065371358124,0.0510640268010254,0.05294471284133151,0.049857907482252495,0.028849180540715058,0.03208036424469307,0.02623171951702763,0.017601947797541873,0.007213161093969855,0.0014391104200600635,0.0,0.0015610738544434843,0.004705064565700301,0.009239303952149225,0.015288962476955326,0.016538970486134508,0.017524328913163245,0.018480194952176898,0.019002649381627212,0.020075442692670697,0.02112816900323189,0.022155214279512836,0.02484732840220405
481,0.10195876885762101,0.10195876885762101,0.05185970319758626,0.0387175805455775,0.02018912402394546,0.01605622267364082,0.01488270362938604,0.01426502083497172,0.014022862011650816,0.0149064130120381,0.047546413367972495,0.047546413367972495,0.06011454064078403,0.06670094296429707,0.06890722416486017,0.0655263588243501,0.041424238197452334,0.045277346073498426,0.03815519718545812,0.027880428718738526,0.014214714936493955,0.0049869168112671725,0.0015610738544434843,0.0,0.0012515818676449575,0.0038712561946026014,0.008020476255379827,0.008923179591201813,0.009698833092162129,0.01049423950046302,0.010762036152969445,0.011637150461003332,0.012463255804134765,0.013152976194213628,0.015346079509252597
536,0.08976886271004536,0.08976886271004536,0.04529302948956848,0.034231698453999426,0.020514199905300123,0.018174238939938858,0.01798428535024621,0.018231129313317718,0.018999346102110848,0.021387310347128374,0.060511523014085355,0.060511523014085355,0.07438238774227124,0.08156408767701884,0.08388027392865827,0.08033341623609791,0.0538241307570696,0.05816316159181223,0.05004409092110329,0.038441408641005315,0.02221904186648349,0.01014823928955999,0.004705064565700301,0.0012515818676449575,0.0,0.001141838599538425,0.0036103973948524715,0.004229576368578125,0.004738301178159099,0.005348307526143015,0.005573088361972456,0.006183074970820712,0.006711514110663841,0.007373714377405749,0.008926193942385696
590,0.08055163309204472,0.08055163309204472,0.041328506481347116,0.032160617745010556,0.02265030171871174,0.02203281630528453,0.022634848157668475,0.023739160697142325,0.025206656713160025,0.02889362147457364,0.07349506103807923,0.07349506103807923,0.08833496453166723,0.09599518113825167,0.09851901157252241,0.09486164663923935,0.06621947663012784,0.07110103523775879,0.06186998670841348,0.04943857134281282,0.030969669849181036,0.016408196436551448,0.009239303952149225,0.0038712561946026014,0.001141838599538425,0.0,0.001166539264883193,0.0015253660154875837,0.0018451197820170684,0.0021143277040064357,0.0023390212440705938,0.0026775821176598935,0.003005916269891329,0.003432276833190029,0.004509357761151134
644,0.07346664800314961,0.07346664800314961,0.03931914574482864,0.03200974711904392,0.02666099610854189,0.027505463248582274,0.02889799823555994,0.030751351170896557,0.032925932899293575,0.03782942000613132,0.08732729518902504,0.08732729518902504,0.10318551473835158,0.11125617698509305,0.1138706150316916,0.11011953048869638,0.07958138556356542,0.08494879004860578,0.07472026172956958,0.061517119026350264,0.04099588615644412,0.02410809124594493,0.015288962476955326,0.008020476255379827,0.0036103973948524715,0.001166539264883193,0.0,0.00043161376625755477,0.0005256296202683641,0.0005616778396564381,0.0006665532587214473,0.0007681934216030584,0.0009628798494293322,0.001119314163615437,0.0017026372542572332
650,0.07269417503758857,0.07269417503758857,0.03937350222875324,0.032393937743183665,0.027664481409637065,0.02881159267404476,0.030366102447137888,0.032288623299062236,0.034619128915002295,0.03965984725123528,0.08987525551112618,0.08987525551112618,0.10582646639360627,0.1139326361702111,0.11660179775760904,0.11279609449872163,0.08197462568783875,0.0874465892241506,0.07700375160506079,0.06369729295513193,0.04291592772087938,0.025592143395461342,0.016538970486134508,0.008923179591201813,0.004229576368578125,0.0015253660154875837,0.00043161376625755477,0.0,0.0003723534385182692,0.0003908998986019707,0.0005281785887665258,0.0005267802440224179,0.0006718760765789256,0.0008321077469642946,0.0012745261455301415
655,0.0715589853185159,0.0715589853185159,0.0390018821001652,0.03231408706053884,0.028161794471727952,0.029553516990572848,0.031210768073228867,0.03321576604531307,0.03566910811869395,0.040910807934436244,0.09183983774063642,0.09183983774063642,0.1079738141555936,0.1161816111871864,0.11884648823507926,0.11508106924627193,0.08392637813734916,0.08950606550768392,0.07884281195876663,0.06549508767216483,0.04439001828582467,0.02678434155617304,0.017524328913163245,0.009698833092162129,0.004738301178159099,0.0018451197820170684,0.0005256296202683641,0.0003723534385182692,0.0,0.00041178149023579635,0.0004964358061614327,0.0004775459403615345,0.00046628406756954455,0.0007298816463181534,0.0010403518349941798
661,0.07114502484815977,0.07114502484815977,0.03926987404137905,0.03279526935935162,0.029169371093703544,0.030841150435028775,0.03254936157350563,0.0346635088903664,0.03716232221243121,0.042552908357232244,0.09411075965043869,0.09411075965043869,0.11027232757481753,0.11856081479231739,0.12122342470383296,0.11740972042621622,0.08603438707431554,0.0916829785322455,0.08087810284584207,0.06745771187448923,0.046079795026450876,0.02815008091519766,0.018480194952176898,0.01049423950046302,0.005348307526143015,0.0021143277040064357,0.0005616778396564381,0.0003908998986019707,0.00041178149023579635,0.0,0.00046062633084498206,0.0004337113617439714,0.00042989865381792836,0.0005879714698782124,0.0009148356272788982
666,0.07125304178053904,0.07125304178053904,0.03956511755318548,0.03320975442720109,0.029750219698200908,0.031330436339495504,0.033096173920753036,0.035240965289646264,0.03780697447235504,0.04313257795996628,0.0946455514935568,0.0946455514935568,0.11088207638842429,0.11907948205899122,0.12182245628004562,0.11798199606614268,0.08658123300388243,0.09223001201325542,0.08142434642957652,0.06799434718160347,0.04655123383094595,0.028524351769077194,0.019002649381627212,0.010762036152969445,0.005573088361972456,0.0023390212440705938,0.0006665532587214473,0.0005281785887665258,0.0004964358061614327,0.00046062633084498206,0.0,0.0004342893892356203,0.0005135173453740816,0.0005157956533372587,0.0009218061847566794
672,0.07027448232482336,0.07027448232482336,0.039326666479712946,0.03326512968473461,0.03040072574026409,0.032222236953443284,0.03412512592214667,0.03644630416772665,0.03904987275761518,0.04465920430869119,0.09697548905189435,0.09697548905189435,0.11333797023545689,0.12160063679202515,0.12434502825268823,0.12045828484349774,0.08874532395723111,0.09444157451818791,0.08353781017593032,0.06993416257667529,0.048216529864261615,0.029929492638713695,0.020075442692670697,0.011637150461003332,0.006183074970820712,0.0026775821176598935,0.0007681934216030584,0.0005267802440224179,0.0004775459403615345,0.0004337113617439714,0.0004342893892356203,0.0,0.0003833127229401212,0.00045554165164884974,0.0006680664962692706
677,0.06874420756603128,0.06874420756603128,0.038762300950838546,0.032922768523853896,0.030673512359757904,0.03281643485749819,0.03483733497752006,0.03721179343536418,0.03998759000412788,0.045779994038625094,0.09897524671605262,0.09897524671605262,0.11548478731309586,0.12389540595221249,0.12662871646583984,0.12280720614466356,0.09081783865275683,0.09662453065280796,0.08549474119397593,0.07188767232184634,0.04987986652978893,0.03113337754296608,0.02112816900323189,0.012463255804134765,0.006711514110663841,0.003005916269891329,0.0009628798494293322,0.0006718760765789256,0.00046628406756954455,0.00042989865381792836,0.0005135173453740816,0.0003833127229401212,0.0,0.0004285244672945776,0.0005495299593185621
688,0.06891254892273979,0.06891254892273979,0.03941274456170574,0.033795926358878514,0.03191332285353676,0.034203463732321415,0.03624349644943825,0.03869099332157744,0.04147697322817756,0.04728958749382217,0.10059499564325936,0.10059499564325936,0.11711526573406239,0.12548349287485405,0.12824062015760096,0.12444874312172027,0.09241255332384302,0.09818679833259292,0.08712177900066376,0.07337694277317075,0.05111187663648309,0.032322997615503835,0.022155214279512836,0.013152976194213628,0.007373714377405749,0.003432276833190029,0.001119314163615437,0.0008321077469642946,0.0007298816463181534,0.0005879714698782124,0.0005157956533372587,0.00045554165164884974,0.0004285244672945776,0.0,0.0005565715609662236
699,0.06643008479183032,0.06643008479183032,0.03881660866504799,0.033841228569662984,0.0335408437293353,0.03637531699018859,0.038720806873536295,0.04142797605283677,0.04447855658022404,0.05073505009647594,0.10604337595399094,0.10604337595399094,0.12292402925425527,0.13147706682655758,0.1342609080507451,0.1303831503961499,0.09775069351379584,0.1037185269384322,0.0922560471997641,0.07825665565165774,0.05530483005843967,0.03564775147044852,0.02484732840220405,0.015346079509252597,0.008926193942385696,0.004509357761151134,0.0017026372542572332,0.0012745261455301415,0.0010403518349941798,0.0009148356272788982,0.0009218061847566794,0.0006680664962692706,0.0005495299593185621,0.0005565715609662236,0.0
