25C,60C,70C,75C,80C,85C,90C,95C,100C,105C,111C,117C,122C,154C,209C,264C,318C,372C,427C,481C,536C,590C,644C,650C,655C,661C,666C,672C,677C,688C,699C
180.0,180.0,180.0,179.99311565735925,180.0,179.99929566778883,179.9985769736875,180.0,179.9999855613775,180.0,179.99999914622634,179.99999914622634,179.99999879258172,180.0,180.0,180.0,179.99999914622634,179.99622890809172,179.99875464506755,179.99621138110354,179.99928069278957,179.99928069329627,180.0,179.99999914622634,180.0,180.0,179.99928068113584,180.0,180.0,180.0,180.0
179.99999914622634,180.0,180.0,179.9974025852435,180.0,179.99929566778883,179.99856973520886,180.0,179.99929566778883,180.0,180.0,179.99999914622634,180.0,180.0,179.99999914622634,180.0,180.0,179.99785032019616,179.99929580906996,179.9985846292007,180.0,179.99999914622634,180.0,180.0,180.0,180.0,179.99928837262368,180.0,180.0,179.99999914622634,180.0
171.6178279672151,171.5995931096688,171.59857078752034,171.5159509662387,171.4932434251789,171.4475406043,171.45212345908027,171.45692241900605,171.46329147853427,171.4865931327029,171.4870238150605,171.48702381506052,171.48702381506064,171.48702381506058,171.48702381506067,171.48702381506067,171.4865931327029,171.83523720577475,172.1483479648841,172.21270324129407,172.32889189244256,172.33757658062197,172.36047049512672,172.3616278489465,172.36410727535923,172.3485399721711,172.33716446313284,172.28269100987123,172.31471369140908,172.31478141591757,172.42511014483028
171.66738672157268,171.65000790119396,171.64891199668043,171.572445317966,171.57654762152703,171.5369663700841,171.5401217286453,171.54921916135427,171.55512692696647,171.56001996457118,171.56044160775855,171.56044160775846,171.5604416077587,171.56044160775858,171.56044160775852,171.56044160775855,171.56001996457124,171.89015853526914,172.17204424273027,172.20763618955377,172.30489247758973,172.3076638505198,173.1745885102274,173.17374896419275,173.1655461620192,173.14520475359726,173.12669798099927,173.03077669023028,173.02331096514823,173.02171502582513,172.97208789673408
171.61782796721508,171.5995931096688,171.59857078752032,171.5139807202978,171.54343913168572,171.5243289908683,171.5240208170581,171.52678717069054,171.53136029266767,171.58503086108348,171.58503086108337,171.58503086108337,171.5850308610835,171.58503086108342,171.58503086108337,171.58503086108348,171.58491584720042,171.86380382166408,172.18176693041974,172.3050938151919,172.46915892850367,172.49458272973843,172.61923888084215,172.62228140576244,172.63029133732456,172.6244060917917,172.63003427154706,172.61807792147067,172.65436976141433,172.6513805928134,172.80945247790387
171.61782796721494,171.6002367217519,171.59929078432737,171.5197274106065,171.56352894210596,171.55651150851304,171.55779533930757,171.5604163592905,171.56454691849393,171.5897570486671,171.5902797930022,171.59041594074333,171.59041594074355,171.59041594074333,171.5904159407434,171.5904159407434,171.59027979300214,171.77532709033494,171.91376089948196,171.87913413970062,171.93442310080212,171.93976453494778,171.91278416047,171.91340651605634,171.91440866942818,171.9098518538267,171.90125220976364,171.8572242708407,171.86168146940057,171.8683746228403,171.86468972610112
171.61782796721496,171.5995931096688,171.5985707875204,171.50664447845907,171.49396729104868,171.44819548449487,171.45138282410917,171.45744399024045,171.46439994260572,171.48659313270286,171.48702381506052,171.48702381506052,171.48702381506064,171.48702381506064,171.48702381506067,171.48702381506067,171.48659313270292,171.8291494583885,172.148967154522,172.2155336041347,172.3276765914517,172.33830209949562,172.36107119511627,172.36162784894657,172.36410727535934,172.3485399721711,172.33716446313284,172.28269100987131,172.314713691409,172.31478141591757,172.42511014483028
171.66738672157263,171.65000790119396,171.64891199668048,171.57309573780282,171.5765476215271,171.53857434956356,171.54118073839976,171.54942283780053,171.55866743204766,171.56001996457118,171.56044160775858,171.56044160775852,171.56044160775863,171.56044160775858,171.56044160775858,171.56044160775852,171.56001996457124,171.88861665787206,172.17183002316924,172.20789209813304,172.30429761464237,172.30809780919645,173.1745885102275,173.1737489641928,173.1655461620192,173.14520475359734,173.12526652659471,173.03077669023023,173.0233109651484,173.02171502582522,172.97208789673408
156.53439403487627,156.53151550492123,156.52913017701988,156.3994324878495,156.06039455369609,156.05569669416244,156.02501432018175,156.01159579564296,155.99247226443435,156.10987397619195,156.10987397619192,156.10987397619192,156.10987397619186,156.10987397619192,156.10987397619184,156.10987397619192,156.10987397619186,155.99426981628153,155.6995247980616,155.3067078274525,155.0803424276844,155.04970870978798,154.78961740497957,154.78735669650013,154.77869197475417,154.75003004560278,154.73107037392535,154.56632733112932,154.59211739689226,154.59145630330582,154.33498872502875
156.55363532059295,156.55207146964443,156.55018418926682,156.43829818315396,156.09233173892392,156.0887013224604,156.05692374811946,156.04384988954274,156.02802245176454,156.14612784988861,156.14612784988879,156.1461278498889,156.1461278498887,156.1461278498887,156.14612784988867,156.14612784988876,156.14612784988867,156.0778004006032,155.89380000584165,155.65245386514212,155.52293949447852,155.50856366672747,155.44860710526441,155.44785226173832,155.44937529019964,155.42907824165547,155.4251180108122,155.32122278648455,155.38949083128264,155.38760796401152,155.2610881687024
165.02246752207725,165.02167676705014,165.02344033988157,165.1221995529881,165.24053485351024,165.2734368373328,165.28295652217219,165.2906963815038,165.29807738252154,165.306197114866,165.3061971148659,165.30619711486597,165.30619711486605,165.3061971148659,165.306197114866,165.306197114866,165.3061971148659,165.03212190579345,164.6136342928679,164.90322538601148,165.08275318767505,165.07958023443305,164.95047849818366,164.95326676999719,164.96522886894203,164.97007907928213,164.9723375128569,164.99016586004169,164.97646749877168,164.9762875907454,164.9856695741173
163.61667373186748,163.61623699652043,163.61696609034306,163.6534844759409,163.7097586874341,163.7541227966943,163.7662508308885,163.77379250021255,163.78018937977794,163.7730576678492,163.77305766784906,163.77305766784912,163.7730576678493,163.77305766784906,163.77305766784906,163.77305766784906,163.77305766784917,163.6489868005251,163.53086919363463,163.63553118342304,163.7349034875344,163.73150052478795,163.65093008876553,163.65048490385024,163.65507311101115,163.65389412896627,163.65151757059115,163.63916986783738,163.63657908340338,163.63741904513662,163.61080055566163
161.9703484853762,161.97004441932788,161.9704491377032,161.93061322228874,161.84487007164216,161.87045717028025,161.8839647954898,161.8870639104422,161.89269951252763,161.83746122477638,161.83746122477638,161.83746122477632,161.83746122477632,161.83746122477635,161.83746122477632,161.8374612247765,161.8374612247765,161.8748766207627,161.91419001150146,162.14239988742096,162.45816085068353,162.50201526888483,162.75546546320973,162.76121027194583,162.77975627303636,162.80957991090995,162.83382697037308,163.01223317895648,163.06138199473514,163.06280104058308,163.3464004808448
162.04014142351528,162.040766623343,162.04138583419234,162.0097980058445,161.90256338524122,161.92183025827768,161.94001160000198,161.93975205088213,161.94285761856813,161.82516488777685,161.8244186710412,161.8244186710412,161.8244186710412,161.8244186710412,161.8244186710412,161.8244186710412,161.8244186710412,161.8866342701697,161.91544362588573,162.17404209486236,162.554747919649,162.60912241427906,162.9281208437359,162.93639935942787,162.9605635046987,162.99638100368958,163.0216340331624,163.26170121972444,163.32267089666465,163.32822358922274,163.65722386063084
155.56290889422007,155.5639777196041,155.56503106625632,155.62941390070586,155.59528552666757,155.67313085008183,155.68603739865716,155.6839821367836,155.69029570168348,155.75177521737447,155.7508926574828,155.7508926574829,155.75089265748278,155.7508926574829,155.75089265748286,155.7508926574828,155.7508926574828,155.9214466013248,156.33951697503701,157.12910691948673,157.471319956908,157.52974492389748,157.44551526479972,157.45515559165804,157.48803154144505,157.50788143953628,157.5544165219556,157.61202057336865,157.70694482340312,157.70712051972797,157.85436526869373
155.56290889422021,155.56397771960397,155.56503106625607,155.62194391295367,155.57357426592452,155.64266568043908,155.65298353128483,155.6474974852835,155.65110896168247,155.64859224250898,155.64859224250876,155.64859224250895,155.64859224250884,155.6485922425088,155.64859224250887,155.6485922425088,155.64859224250904,155.84663073690518,156.2317093066377,156.66213844085092,156.82492894623684,156.85041770954754,156.85590216505085,156.86008212534566,156.8717575592131,156.87220355797874,156.88916103944433,156.88264878160382,156.90404840559492,156.9109571770362,156.8506552637767
156.53439403487633,156.53151550492132,156.52913017701994,156.40431804972653,156.06147370844474,156.05643527936354,156.02509673082747,156.0110170388962,155.99371028314073,156.10987397619198,156.10987397619198,156.10987397619198,156.10987397619195,156.10987397619198,156.10987397619192,156.10987397619198,156.10987397619198,156.00680048950844,155.79718875103922,155.4862561931078,155.30404178990506,155.28379654193378,155.14980097391933,155.14687042129637,155.14140661761965,155.11570817990068,155.10432723362155,154.96146511416634,155.00068790962794,155.00076472960055,154.77351388956427
156.55363532059295,156.55207146964443,156.55018418926684,156.43911850733227,156.09233173892392,156.08796254887065,156.0569237481194,156.04327181750506,156.02823041752265,156.14612784988864,156.14612784988879,156.14612784988884,156.1461278498887,156.1461278498887,156.14612784988864,156.14612784988876,156.1461278498887,156.07550654274775,155.89407962542262,155.65273042996117,155.52236911691088,155.50870047131386,155.4486071052644,155.4478522617383,155.44937529019964,155.42907824165547,155.42511801081224,155.32122278648455,155.38949083128264,155.38760796401152,155.2610881687024
164.10569961174284,164.10569961174295,164.10653611051458,164.23008234657715,164.35087981875262,164.38648044425278,164.3970052373184,164.4025052767062,164.4103386945222,164.4424694883176,164.44246948831776,164.44246948831773,164.44246948831767,164.4424694883176,164.4424694883178,164.44246948831784,164.4424694883178,164.04336311067894,163.38098802342995,163.49890889038352,163.56757624227305,163.53715108432743,163.15069861006617,163.15124531542736,163.1554299363687,163.13998574806408,163.12384919586322,163.00976507643662,162.95791556449564,162.95595666909767,162.8034365073615
163.871963475126,163.87196347512588,163.8724950229404,163.9430091786109,163.97270277841463,163.9849793129078,163.98684276583262,163.98821075662786,163.9921286694656,163.99005263745806,163.99005263745806,163.99005263745798,163.99005263745804,163.99005263745795,163.99005263745812,163.99005263745792,163.99005263745798,163.79001129557778,163.5203769994169,163.50782056356206,163.45306242324912,163.4302699893327,163.17699205000858,163.17637096092758,163.17459310722015,163.16002282889716,163.14477364735316,163.04633653269818,163.0229967703673,163.02178158764627,162.9149471031748
161.48762842687844,161.48572832106652,161.4861537151171,161.43757231793757,161.39410031001472,161.45654986934227,161.47866732883105,161.49067837247514,161.50160010710968,161.50910245136836,161.50910245136842,161.50910245136842,161.50910245136848,161.50910245136845,161.5091024513684,161.5091024513686,161.50910245136862,161.47464974205568,161.44691099283426,161.56165748887616,161.77379525187453,161.79681687881606,161.76962192801923,161.77197541156497,161.78115407303537,161.7952719019517,161.8061557572666,161.8637601875295,161.87394136423822,161.87339559153477,161.9323403971274
161.65887037760936,161.658346498475,161.65899477251986,161.62539862047115,161.4996145644311,161.5297651795657,161.55726576744837,161.5592328768515,161.5654407963197,161.44994386235018,161.44916799644443,161.44916799644446,161.44916799644446,161.44916799644446,161.44916799644446,161.44916799644443,161.44916799644446,161.45947197464906,161.24438131768503,161.3250376051352,161.6377092323005,161.67452476364295,161.78357510493484,161.78872692465953,161.80374547004817,161.8251294603913,161.83730584210593,161.9855627586109,162.00738253823002,162.00688310848318,162.12746144843322
155.56290889422004,155.56397771960405,155.56503106625627,155.63353228433934,155.59528552666757,155.67313085008178,155.68532591113083,155.68486370607616,155.69053616511528,155.75177521737447,155.75089265748275,155.75089265748284,155.75089265748275,155.75089265748284,155.7508926574828,155.75089265748278,155.75089265748278,155.9267882331913,156.34003746547972,157.13053592234118,157.47147470637864,157.52926425030486,157.44551526479972,157.45602706490388,157.488031541445,157.50788143953625,157.5542722415649,157.61202057336865,157.70694482340306,157.70712051972794,157.85436526869367
155.56290889422021,155.56397771960394,155.56503106625607,155.6282953200061,155.57253724278908,155.6372662144132,155.64630026478352,155.64271294785848,155.6471834951517,155.66738401363713,155.6673840136369,155.66738401363713,155.66738401363702,155.66738401363693,155.66738401363702,155.667384013637,155.6673840136372,155.88731213626795,156.32845339494096,157.01142708252203,157.25554790445105,157.27460293484057,157.26386482467365,157.27036411032523,157.28374910423392,157.29078424803112,157.31092932457764,157.31894778336923,157.35594262352814,157.36116656527727,157.38263085262827
156.5343940348763,156.53151550492123,156.52913017701994,156.40451999395557,156.06088583904815,156.0564352793635,156.02542732111198,156.01159579564302,155.99606677305002,156.10987397619195,156.10987397619195,156.10987397619192,156.10987397619186,156.10987397619195,156.1098739761919,156.10987397619192,156.10987397619195,156.0029056292606,155.79945681734995,155.48615180024436,155.30672286992626,155.28316172832587,155.14984991889267,155.14687042129634,155.1414066176196,155.11570817990065,155.10432723362146,154.9614651141663,155.0006879096279,155.0007647296005,154.7735138895642
156.55363532059295,156.55207146964443,156.55018418926682,156.434674225538,156.09175589256137,156.0883762866498,156.0569237481194,156.04384988954277,156.0283356915485,156.14612784988864,156.14612784988879,156.14612784988887,156.1461278498887,156.1461278498887,156.14612784988864,156.14612784988873,156.14612784988867,156.07213383008985,155.82385850104606,155.483518275434,155.27766719967727,155.25172519901778,155.02638005736063,155.02489059165055,155.02171710287516,154.99541773887165,154.98254249560804,154.8407529224887,154.88505669808902,154.88232897347,154.6784898524052
163.73143065266606,163.73217205427517,163.73190140799116,163.8003205801437,163.83512164471145,163.86799793003652,163.87967763212285,163.88432244618815,163.89104934677306,163.91861824389656,163.91861824389667,163.91861824389662,163.91861824389662,163.91861824389656,163.91861824389665,163.91861824389673,163.91861824389676,163.57134933680595,163.01479030514,162.80779211291278,162.71358016635367,162.63990672632784,162.24544706494063,162.2416612879697,162.23114426853954,162.1993077034661,162.15639515570217,161.99427296743914,161.91626834314627,161.9327468177497,161.50060248771743
163.81395256654164,163.81418463693404,163.81387199284094,163.87605895075674,163.87809296308248,163.88727233864066,163.89106335922042,163.8886134477592,163.88829456599822,163.88601562537954,163.88601562537966,163.8860156253795,163.88601562537966,163.88601562537954,163.88601562537963,163.88601562537949,163.8860156253795,163.60997283441495,163.16210646738696,163.02186659325486,162.90807628182162,162.86806280320442,162.6027703748334,162.59824662595852,162.59175505186624,162.5729890078121,162.5541161188885,162.45845183513111,162.43526100307852,162.43338316890382,162.33942853319496
161.58676808478143,161.58528200963602,161.58570909959386,161.5351838643103,161.44017266666285,161.48279222453414,161.50240663142665,161.5101124186126,161.5195900162161,161.47181600570414,161.47181600570423,161.47181600570414,161.4718160057043,161.4718160057041,161.47181600570408,161.4718160057044,161.4718160057043,161.468005404014,161.43353454354522,161.60620566639298,161.92324872574378,161.96005861594264,162.04967992935332,162.05410517361858,162.06819335075122,162.09036612265058,162.10604492609545,162.22519324110266,162.25074632783426,162.25132360054576,162.37930635947555
161.65887037760936,161.658346498475,161.65899477251986,161.6188678648329,161.49961456443106,161.52976517956566,161.55618664849098,161.55850887614463,161.56413473730242,161.44994386235018,161.44916799644443,161.44916799644446,161.44916799644446,161.44916799644446,161.44916799644446,161.4491679964445,161.44916799644446,161.45892643872432,161.39877019763188,161.59752160425012,161.99035602986487,162.0354529520806,162.18127515184855,162.18691155722595,162.20605865196572,162.23464424507338,162.24883165517576,162.42445585724258,162.44739675749935,162.44796702433095,162.56940837456702
155.5629088942201,155.5639777196041,155.56503106625632,155.62395803237433,155.59528552666757,155.6731308500818,155.6855475617988,155.68486370607621,155.68945830765847,155.75177521737447,155.7508926574828,155.75089265748284,155.75089265748278,155.7508926574829,155.75089265748286,155.7508926574828,155.75089265748278,155.91886856967028,156.33966864917664,157.13030946070623,157.4708394625293,157.52926425030492,157.44576390989005,157.45602706490388,157.48803154144503,157.50788143953628,157.5546663788956,157.6120205733687,157.7069448234031,157.70712051972797,157.85436526869373
155.56290889422021,155.56397771960394,155.56503106625607,155.6221772570657,155.57121330314675,155.6372662144132,155.6471426963701,155.64227079250546,155.64776570543347,155.66738401363716,155.6673840136369,155.66738401363713,155.66738401363702,155.66738401363696,155.66738401363702,155.66738401363696,155.66738401363716,155.87853851913695,156.3260065022681,156.99636062107518,157.1559736174823,157.16103170144802,157.04148182046802,157.04574602129156,157.05249266823034,157.0487665015951,157.05700093572108,157.00664274039025,157.01997039662362,157.02521026484558,156.95407512755452
156.4696415020145,156.44405340107497,156.41184426098067,156.3991313150388,156.33425106087213,156.4039081002718,156.3777686417546,156.37513139643565,156.37335468402625,156.390014715957,156.39001471595697,156.39001471595702,156.39001471595702,156.39001471595697,156.390014715957,156.390014715957,156.3895937083688,156.52229142113057,157.00828593899138,157.4445580461871,157.9281336018475,158.07670982140732,158.84097715116204,158.85165274444924,158.88754812159362,158.9630094160696,159.0236660099209,159.3515779119222,159.4850748050746,159.4919880164284,160.29274520822833
156.2451096654054,156.2451879478067,156.24421356934414,156.26671947558964,156.27620077057986,156.34417491042504,156.31912321117633,156.31340837955767,156.30759884987265,156.33620250587066,156.3362025058709,156.3362025058707,156.33620250587074,156.3362025058707,156.33620250587086,156.33620250587072,156.33564997602247,156.56475898025965,157.11182555827074,157.6853735342881,158.16134460049136,158.26047189137475,158.97286786015968,158.94929487805024,158.98757085060487,159.05978795257406,159.1142483396325,159.4726702857288,159.59826968109851,159.5934414379065,160.38869777824843
154.44693598843412,154.44657108746048,154.44534892188227,154.3102998983392,154.06273910223052,154.0810276951069,154.0554645816224,154.04080430440087,154.02703413754193,154.04019815763,154.04056061271615,154.04056061271626,154.04056061271618,154.0405606127162,154.04056061271615,154.04056061271638,154.04056061271635,154.25845554480986,154.37958049426715,154.04041825150674,154.1435454167659,154.17785721227943,154.45353558263994,154.45448510248386,154.45168222187328,154.45779905215775,154.44024210176414,154.50240414059607,154.61407786975218,154.61626221088633,154.87952435542925
154.78144236060155,154.78186606803104,154.7812810977658,154.6715422302688,154.5208726634587,154.55336247387433,154.52885888523758,154.51548265204698,154.49948390872945,154.49429443916608,154.49429443916614,154.49429443916608,154.494294439166,154.49429443916605,154.49429443916608,154.49429443916605,154.49429443916605,154.66289125981848,154.75864431759365,154.79550603661048,154.95208183379896,154.99554175260388,155.3601343728746,155.36699068115163,155.36759600128977,155.38389037429155,155.37615653281085,155.48364111503236,155.59781013734394,155.6005351325019,155.96226473026422
156.8876443827545,156.88703883682058,156.88458059589593,157.00525562994514,157.05988903044278,157.11198429008306,157.0938946170651,157.08545748811866,157.07470444051955,157.02334501475906,157.0230846394514,157.0230846394515,157.02308463945153,157.0230846394515,157.02308463945138,157.0230846394514,157.0230846394515,156.81492213464554,156.62037069323344,156.66121588471253,156.67023310698536,156.6854278228727,156.7397477650984,156.73617726666444,156.7150385590572,156.6892905587576,156.67377381262278,156.60407755887928,156.5959916699912,156.59382674084094,156.5204966471214
156.93723946504173,156.9393527522611,156.9364910020234,156.92837859897818,157.0088209187782,157.05163541036083,157.043005827311,157.03825443520702,157.03896153232083,156.96861937537017,156.96835122552554,156.96835122552545,156.96835122552548,156.96835122552545,156.9683512255255,156.96835122552554,156.96835122552565,156.78063444161705,156.55299357416376,156.367941939982,156.33755427151948,156.33285022251977,156.33540278980033,156.33500851178576,156.32312270259538,156.30822011122905,156.29701841333278,156.25792524278108,156.2573616879469,156.26700107217977,156.02166692190545
157.45404157855373,157.46491395827408,157.47323979914688,157.33412331912314,157.2379941081786,157.26101644697678,157.25450616421102,157.2267418124571,157.2021443217346,156.92573023533456,156.92311519559146,156.9231151955914,156.92362148259522,156.92362148259522,156.92362148259534,156.92362148259528,156.92173060973613,156.6819712208986,156.53868586977399,156.67599021036742,156.82207390873015,156.90809838458713,157.26007822096582,157.2673351782745,157.27980345875096,157.32492473859375,157.35008063692547,157.51935356019354,157.63204389029758,157.63751805319137,158.16580511779884
157.43751339802265,157.44872390522244,157.4570548906981,157.30368059787298,157.20793295400065,157.20856527377316,157.19964489140256,157.16957867637737,157.15550430566324,156.73836319927528,156.73836319927545,156.73505183999788,156.73505183999785,156.73554626179055,156.73554626179063,156.73554626179052,156.7320827379268,156.5061397346515,156.3579117760685,156.4887735266655,156.61261763313522,156.7041672551618,157.17388059368443,157.18143313089595,157.1994279978976,157.29650318270947,157.33033155038834,157.53332141698294,157.4774426874545,157.48095321609904,157.8869466551084
156.46964150201453,156.44405340107497,156.41184426098064,156.40755619761424,156.33467882811334,156.40390810027176,156.37900117170474,156.37636386456742,156.37528349991408,156.390014715957,156.39001471595697,156.39001471595702,156.39001471595705,156.39001471595697,156.390014715957,156.390014715957,156.3895937083688,156.52643787375638,157.01031612017576,157.44505498395776,157.92693958016056,158.07773151372012,158.84020160984394,158.85165274444924,158.88677254912298,158.96300941606964,159.0236660099209,159.3515779119221,159.4850748050746,159.49198801642842,160.2927452082283
156.24510966540544,156.2451879478067,156.24421356934414,156.2695956261672,156.27620077057983,156.34362294216805,156.31876459301122,156.31394943579514,156.305746662919,156.3362025058707,156.3362025058709,156.3362025058707,156.33620250587074,156.33620250587066,156.33620250587083,156.3362025058707,156.33564997602247,156.56456198996509,157.11139629092872,157.68117986153558,158.16009065620446,158.26071692705364,158.97286786015965,158.9488771363374,158.9875708506049,159.05978795257406,159.1142483396325,159.47267028572878,159.59826968109851,159.59344143790648,160.38869777824846
154.44693598843412,154.44657108746048,154.4453489218823,154.3180114317119,154.0624203043812,154.08156166417,154.05517293415,154.04133828448252,154.02773743823965,154.04019815762996,154.04056061271615,154.04056061271623,154.04056061271618,154.0405606127162,154.04056061271615,154.04056061271638,154.04056061271635,154.26121744178522,154.44300731552886,154.33757269231845,154.4698036045859,154.507031112072,154.82073562051454,154.82308797338072,154.82408677410223,154.8356874523943,154.82206819289598,154.91250991816594,155.0347420892932,155.03800296305542,155.34646027962262
154.89093885878782,154.89135512261677,154.89076316878274,154.78183595267916,154.6132985183991,154.64438522846905,154.61815886812875,154.6061155428738,154.58814699249797,154.5828852269906,154.5823737636335,154.58237376363343,154.5823737636334,154.58237376363343,154.58237376363346,154.58237376363348,154.58237376363343,154.74097450308963,154.81076567798783,154.85849685666457,155.02046289850725,155.06742576452814,155.44767860296267,155.4547088414852,155.45711849361498,155.4752619962405,155.46993402831748,155.59249541396179,155.71196192924245,155.71526398082295,156.10068377854685
156.59528054197506,156.59681457652272,156.59701709467768,156.59905671730533,156.68416577957802,156.73752740091265,156.72021875790398,156.71087782204472,156.6988350753817,156.70086136059328,156.7010341982771,156.7010341982772,156.7010341982772,156.7010341982771,156.7010341982771,156.7010341982771,156.70103419827717,156.55306724811155,156.46900729656812,156.37271886260297,156.37184087043352,156.3880059657816,156.4449172102547,156.4424613596695,156.42091689723134,156.39506336298774,156.37900929041612,156.31194318891463,156.3046720435647,156.30262770040503,156.23520255992605
156.29208301103853,156.2937513784324,156.29329145992446,156.30382216888148,156.4362409400825,156.4894428134077,156.48303346863278,156.47457764373522,156.46095076408528,156.53759629151648,156.53802155741087,156.5380215574107,156.53802155741073,156.53802155741064,156.53802155741087,156.53802155741081,156.53802155741087,156.4641634038793,156.29632841188325,156.08236480794886,156.01058633173176,156.00352305927024,155.92305494853142,155.9201094926554,155.91150271736396,155.89733764003742,155.88253095035745,155.81887318960784,155.80899774308565,155.80839738563245,155.73742319810316
157.4540415785537,157.46491395827408,157.47323979914688,157.33413031631773,157.2379975658272,157.260542105792,157.25523322987542,157.22674181245708,157.20604331830603,156.92573023533456,156.92229220975904,156.92311519559144,156.92362148259522,156.92362148259522,156.92362148259534,156.92362148259528,156.92173060973613,156.68609064812154,156.5395421168948,156.6782477421887,156.82275279636247,156.90759274745233,157.25325221591328,157.2567272276871,157.278649639994,157.32750184800622,157.3684512668932,157.56580865425622,157.69771798714632,157.693708285886,158.1226021108652
157.4375133980227,157.44872390522247,157.45705489069815,157.3057105318769,157.20793295400068,157.20856527377322,157.1993052555157,157.16923904500698,157.15518001371936,156.7383631992753,156.73868183658143,156.7350518399979,156.73505183999788,156.73554626179055,156.73554626179066,156.73554626179055,156.73208273792682,156.50299274141807,156.35692421071863,156.48689404355795,156.61716515723506,156.72484262266818,157.11769154903956,157.11510431626934,157.14390937286325,157.1839685548323,157.23332549759593,157.4633963232595,157.55143388710448,157.55599081310854,157.89900726788986
156.46964150201455,156.444053401075,156.4118442609807,156.40180645706732,156.33495886871816,156.4039081002718,156.37793614755023,156.3755578136988,156.3735103594664,156.39001471595705,156.39001471595697,156.39001471595702,156.39001471595705,156.390014715957,156.39001471595705,156.39001471595705,156.3895937083688,156.5230600761715,157.0078397635789,157.44025155623646,157.92632596439435,158.0769431322828,158.84020160984397,158.85165274444927,158.88677254912298,158.96300941606964,159.02308683531453,159.3515779119222,159.48507480507465,159.49198801642842,160.29274520822835
156.24510966540544,156.2451879478067,156.2442135693441,156.26824697546851,156.2753935356751,156.34404930964084,156.31938136997456,156.31340837955764,156.30792262578876,156.33620250587072,156.33620250587092,156.3362025058707,156.33620250587074,156.3362025058707,156.33620250587083,156.33620250587072,156.33564997602247,156.56228058918455,157.11015986016588,157.67920182610084,158.16030180381972,158.26071692705366,158.97286786015965,158.9488771363374,158.9875708506049,159.05978795257406,159.1142483396325,159.47267028572878,159.59826968109851,159.59344143790648,160.38869777824846
154.3454009828422,154.34451200903024,154.3438257445936,154.213819538395,154.02748731321773,154.05335503506558,154.02960118653408,154.0148899508525,154.0028034875617,154.00755501803113,154.007555018031,154.00755501803113,154.00755501803107,154.00755501803116,154.007555018031,154.00755501803113,154.00755501803116,154.19703376047073,154.3722163912803,154.47885131780598,154.5990184990375,154.63799782456292,154.9310345373208,154.93429449464332,154.936695742412,154.94714956533855,154.93366121197852,155.0264613995414,155.1510347207842,155.1546956135966,155.4720913526166
154.60492477387717,154.60536932879975,154.60439298536895,154.47693851678696,154.2938303400192,154.32268834303645,154.2935045101317,154.28081333620256,154.26590202568516,154.2613605445471,154.2613605445471,154.2613605445471,154.261360544547,154.2613605445471,154.26136054454707,154.26136054454707,154.26136054454702,154.4321253569517,154.60221545378207,154.71745622210955,154.87025903244015,154.91344428988504,155.2732585569062,155.27981625991393,155.28015608975568,155.29584459931834,155.2871690898003,155.39858023891375,155.50959641925215,155.51236872087878,155.87182120281065
156.95226217028937,156.95312757290776,156.95442720941855,156.95911894886513,157.06318343638952,157.11102405702812,157.09189812218386,157.08367253470374,157.07072784445523,156.96649716238093,156.96623459624058,156.9662345962406,156.9662345962406,156.96623459624058,156.96623459624053,156.9662345962405,156.96623459624058,156.74935410744848,156.5521314208257,156.46385004116945,156.47210948407192,156.48960014124506,156.54837231633957,156.54579721436576,156.52540800916992,156.50008886394937,156.48617546946758,156.42815929869658,156.42178535399214,156.42073993616629,156.35646128171996
156.83829678550558,156.84083028991043,156.8398451766852,156.81866613221723,156.89506199254578,156.94961043564336,156.9404630526231,156.93458233251908,156.92363966096326,156.92300033753776,156.9227319642025,156.9227319642025,156.92273196420246,156.92273196420243,156.9227319642025,156.92273196420265,156.9227319642027,156.75347307536552,156.52694822558877,156.335191914816,156.315499786748,156.32000903812892,156.32187611220678,156.32147370257232,156.31222448789129,156.3007951550645,156.2924471872436,156.26697118142113,156.26824710086737,156.26842450310565,156.25117310300087
157.45404157855373,157.4649139582741,157.47323979914688,157.33431847182092,157.23832194622446,157.260542105792,157.25435445950907,157.2272553950487,157.20314196119023,156.92573023533456,156.92229220975906,156.92311519559144,156.92362148259528,156.92362148259522,156.92362148259537,156.9236214825953,156.92173060973613,156.6845354482623,156.54060045016396,156.67617901573803,156.82185995330207,156.9075650579336,157.26007822096588,157.26782250979304,157.27980345875096,157.32492473859378,157.3500806369255,157.51935356019354,157.63204389029758,157.63751805319137,158.16580511779878
157.43751339802265,157.44872390522244,157.45705489069812,157.30451076394147,157.20793295400065,157.2080278508359,157.1987677356599,157.1693888868175,157.15544137661072,156.73836319927528,156.73836319927543,156.7350518399979,156.73505183999785,156.73554626179055,156.73554626179066,156.73554626179055,156.73208273792682,156.50599323153762,156.35883564561618,156.48708933241917,156.61280159558936,156.7046453560057,157.17388059368446,157.18143313089595,157.19942799789763,157.29650318270947,157.33033155038834,157.53332141698297,157.47744268745453,157.48095321609904,157.88694665510837
141.29755433396758,141.3006371648409,141.30072706824387,141.53182266398332,141.65639851926358,141.61414907812173,141.63048886430087,141.63237384109675,141.6400222682752,141.84643389023327,141.84643389023327,141.84643389023327,141.84643389023336,141.8464338902333,141.8464338902333,141.84643389023327,141.8464338902333,141.74760549874156,141.80451969545643,141.7223663461969,141.67644962217128,141.68819111209572,141.49160067715832,141.49811503919832,141.50442594663514,141.5045676681723,141.53762749917973,141.4538328761431,141.49191630286708,141.49050009288052,141.2584611025451
141.24726541174488,141.25035012772497,141.25044037760387,141.47691190782604,141.5971710153282,141.55703326037553,141.57650445768465,141.5772572932121,141.58367538973428,141.78537139016527,141.78537139016515,141.78537139016524,141.78537139016527,141.78537139016527,141.78537139016518,141.7853713901652,141.78537139016507,141.71444703816786,141.768909227579,141.72663886245786,141.69854685449494,141.71118141471982,141.54133753896477,141.5468049076864,141.54979968690537,141.55043980861245,141.57768603180918,141.4830830809599,141.50694007078994,141.51211412943942,141.25214141823662
141.89095435276542,141.89142449444378,141.89243433812058,142.0080912235251,141.99449268358413,142.02985920541343,142.06396154073107,142.0722803067732,142.07812409200687,142.21847525767572,142.2184752576759,142.21847525767572,142.2184752576758,142.2184752576757,142.21847525767592,142.21847525767586,142.2184752576758,142.47565687181623,142.9250428062196,142.9350259292718,142.93360474809745,142.96904563359612,142.78128065694114,142.78706680247714,142.8027683592175,142.821222116043,142.84333252893356,142.94443272092823,143.07063815277567,143.07352974631593,143.07067731015715
141.60106252871128,141.59691570436127,141.59429766536613,141.60823876990247,141.5536975793932,141.56345132013138,141.60027201088303,141.60492454797915,141.6090482513271,141.72957066415103,141.729570664151,141.72957066415097,141.72957066415103,141.72957066415094,141.729570664151,141.72957066415097,141.72957066415097,142.0183557734995,142.25335125870512,142.09769852157547,141.94960663192506,141.9525721999315,141.77790821794756,141.77268645560932,141.76926850240886,141.76324487193716,141.74921299453123,141.70573425567565,141.5970259799384,141.59820926921432,141.41250101581565
139.11814528964004,139.11833563298447,139.11921211165352,139.1982836769695,138.99870250955993,138.9209951561664,138.92879328500473,138.92381088235445,138.93598589544303,138.99705310483782,138.99705310483785,138.99705310483787,138.9970531048379,138.99705310483782,138.99705310483787,138.99705310483796,138.9979179965058,138.86354729744332,138.0666083699521,137.09005783082614,136.36480553318836,136.2676456182047,135.41290815187716,135.40279487763843,135.36649687731065,135.26520061052864,135.20446664300061,134.67714374925833,134.5905442869794,134.5851974185601,133.87850735498424
138.9663427965664,138.9676137764495,138.96735802971557,139.02537996726474,138.79366281091072,138.69653435563896,138.70836251058495,138.70852723569575,138.7237918547609,138.77460010294942,138.77460010294942,138.77460010294945,138.77460010294925,138.77460010294942,138.77460010294936,138.77460010294936,138.77546269454254,138.20186360550574,137.20761815752527,136.39384422231677,135.78000603597738,135.70562436244077,135.1218458994028,135.11433204102673,135.0894434105917,135.00554163916814,134.9663207858866,134.4820350677195,134.43121149160558,134.4202061976098,133.7815439697487
137.32118348936672,137.3184660843468,137.3160928078758,137.22784537968465,136.94043039948494,136.8085945447863,136.790512345603,136.76985667087877,136.7579394808683,136.69316012728166,136.69316012728166,136.6931601272817,136.69316012728166,136.69316012728166,136.69316012728166,136.69316012728163,136.6931601272817,136.37972668252863,135.44419848998172,135.04417576568665,134.74632435248384,134.73859501489258,134.48102149005263,134.47798931060734,134.46321531108697,134.44306925381582,134.41890766241073,134.26380715321852,134.21488520890648,134.2116940577768,133.97402339954627
137.34759844394247,137.34628114814288,137.34293279999034,137.28605717255425,137.12929998672783,137.0118427881385,137.00101441020774,136.9822527944458,136.96911206035625,137.02745895081748,137.02745895081742,137.0274589508175,137.0274589508175,137.0274589508175,137.0274589508175,137.0274589508175,137.02745895081756,136.61479928203926,136.37385756591226,135.90179503889453,135.38868597669293,135.3698034141355,134.7846639643321,134.75783613225903,134.705855236276,134.64867509734103,134.61698216257983,134.340012088114,134.28836118180106,134.28401366980393,133.91082146788494
141.29755433396755,141.30063716484094,141.30072706824387,141.5379658030974,141.65639851926358,141.61414907812173,141.6318892460906,141.63267834859965,141.64209528561977,141.84643389023327,141.84643389023324,141.84643389023327,141.84643389023336,141.8464338902333,141.8464338902333,141.84643389023327,141.84643389023327,141.7481620237256,141.80429620180809,141.72395218567473,141.67641101296036,141.68759495831094,141.49138588765024,141.49811503919835,141.50442594663514,141.5045676681723,141.53741417666714,141.4538328761431,141.49191630286708,141.49050009288052,141.25846110254514
141.24726541174485,141.25035012772497,141.25044037760387,141.480049815237,141.5971710153282,141.55681284054887,141.57662934971967,141.57786869602583,141.58677392959913,141.78537139016527,141.78537139016515,141.78537139016524,141.78537139016527,141.78537139016527,141.78537139016518,141.7853713901652,141.78537139016507,141.71086347845971,141.7704023790334,141.73015523973848,141.69926769518148,141.7108879893248,141.54105267912885,141.5476056876991,141.54979968690537,141.55043980861245,141.57768603180918,141.4830830809599,141.50694007078994,141.51211412943942,141.25214141823662
141.89095435276542,141.89142449444378,141.8924343381206,142.01011064041103,141.99512192874437,142.02985920541343,142.06396154073107,142.07174812142077,142.07784461690946,142.21847525767572,142.2184752576759,142.21847525767575,142.2184752576758,142.2184752576757,142.21847525767592,142.21847525767586,142.2184752576758,142.4810589963986,142.9253459067427,142.93745553007483,142.9344642523127,142.969198939723,142.78100795984335,142.78627708129346,142.80258147312526,142.821222116043,142.84277160020258,142.94443272092823,143.07063815277567,143.07352974631593,143.07067731015715
141.60106252871128,141.59691570436124,141.5942976653661,141.61048703523286,141.5534244017813,141.56345132013138,141.6004731731491,141.60555810591902,141.61062312096274,141.729570664151,141.72957066415097,141.72957066415097,141.72957066415103,141.72957066415094,141.729570664151,141.72957066415097,141.72957066415094,142.0232187497261,142.39641812448093,142.43874698585222,142.37772431196566,142.39879285506137,142.3095785625445,142.31149680957432,142.3179570000072,142.32611683287786,142.3267066749792,142.34557840584185,142.42817910801358,142.4279985486048,142.10404722724886
139.11814528964004,139.11833563298447,139.11921211165352,139.18776470122987,138.99792579661806,138.9205025488618,138.92933557722586,138.92403658557802,138.93417587385758,139.00143244541465,139.00143244541462,139.00143244541468,139.00143244541468,139.00143244541465,139.00143244541468,139.0014324454147,139.00229704358682,138.87414846535603,138.18004518956644,137.32082155948285,136.69958720246382,136.61200485174078,135.82681717566254,135.81629502832567,135.78136570244018,135.68997918182308,135.63056720865788,135.1428326021106,135.06566126673405,135.06057323022384,134.37288148331155
138.96634279656638,138.9676137764495,138.96735802971557,139.01834486417098,138.79395140942145,138.69653435563896,138.70836251058498,138.70936371295696,138.72324077460286,138.77460010294942,138.77460010294942,138.77460010294942,138.77460010294925,138.77460010294942,138.77460010294936,138.77460010294934,138.7754626945425,138.20199333926072,137.20636783080107,136.38977848444154,135.77807296401312,135.7043905260338,135.1218458994028,135.11310764002297,135.0894434105917,135.00554163916814,134.9663207858866,134.4820350677195,134.43121149160558,134.42020619760976,133.78154396974872
137.49490883898852,137.49303664432935,137.49089019879165,137.4143858267793,137.15916352474625,137.02343743763518,137.00938896823584,136.98703366826877,136.97543993090454,136.9491722318745,136.94917223187448,136.94917223187457,136.9491722318745,136.94917223187448,136.9491722318745,136.9491722318745,136.94917223187454,136.6181882675527,135.93767056642133,135.34203123047436,134.892801688119,134.87414741607228,134.39072654534687,134.37252160548303,134.33401914185157,134.28465082382726,134.22439649841056,133.95309917108398,133.8997579371528,133.8955237450224,133.54045544963384
137.34759844394247,137.34628114814288,137.34293279999034,137.30004794419975,137.21638770564653,137.1160527150899,137.1038234711753,137.088505117739,137.0781291016383,137.18511372225578,137.18511372225572,137.18511372225578,137.1851137222558,137.1851137222558,137.18511372225578,137.18511372225578,137.18511372225586,136.79949786746687,136.68259293598345,136.31714161369754,135.88286523059153,135.86866185491905,135.35530269855192,135.32906259929968,135.2789436811282,135.2262995754268,135.19758383557127,134.94768619694455,134.90356193500904,134.89985210178475,134.57112022384166
141.29755433396758,141.3006371648409,141.30072706824387,141.53686709511015,141.65639851926355,141.61414907812173,141.63178882492002,141.63267834859965,141.64038529074293,141.84643389023327,141.84643389023327,141.84643389023327,141.84643389023336,141.84643389023333,141.8464338902333,141.84643389023327,141.84643389023327,141.74781586864114,141.8039050415583,141.72367593490168,141.6771513829261,141.68759495831094,141.49138588765024,141.49811503919835,141.5045426847746,141.5045676681723,141.53741417666714,141.4538328761431,141.49191630286708,141.49050009288052,141.25846110254514
141.24726541174485,141.25035012772497,141.2504403776039,141.47753942517846,141.5971710153282,141.55760282247994,141.57589305354168,141.5772572932121,141.58631744222563,141.78537139016527,141.78537139016512,141.78537139016524,141.78537139016527,141.78537139016527,141.78537139016515,141.7853713901652,141.78537139016507,141.7130690280599,141.76965769134267,141.72763163052252,141.69817595004847,141.7108879893248,141.54105267912885,141.5468049076864,141.54979968690537,141.55043980861245,141.57720431092812,141.4830830809599,141.50694007078994,141.5121141294394,141.25214141823665
141.89095435276542,141.89142449444378,141.8924343381206,142.01444441646723,141.99449268358413,142.02825006046413,142.06368275983516,142.07174812142077,142.07846927721326,142.21847525767575,142.2184752576759,142.21847525767575,142.2184752576758,142.2184752576757,142.21847525767592,142.21847525767586,142.2184752576758,142.47465916283795,142.9251919049736,142.93889657346065,142.93521240821556,142.96904563359612,142.7817977947286,142.78706680247714,142.8027683592175,142.821222116043,142.84277160020255,142.94443272092823,143.07063815277567,143.0735297463159,143.0705266505718
141.6010625287113,141.59691570436124,141.59429766536613,141.61351520793067,141.55342440178134,141.56345132013138,141.6009054057261,141.60555810591902,141.61069213729084,141.729570664151,141.72957066415097,141.72957066415097,141.72957066415103,141.72957066415094,141.729570664151,141.72957066415097,141.72957066415097,142.0177217628295,142.3965132097443,142.43710787174336,142.37781432790163,142.3987928550614,142.3095785625445,142.31149680957432,142.3179570000072,142.32611683287786,142.32734565202992,142.34557840584188,142.4281791080136,142.42799854860476,142.10404722724888
139.11814528964004,139.11833563298447,139.11921211165355,139.2042246619723,139.02324463719765,138.9482404872304,138.9577853527719,138.9536257715524,138.96519112742527,139.03116905996376,139.03116905996373,139.03116905996373,139.03116905996384,139.0311690599638,139.0311690599638,139.03116905996387,139.0320336786686,138.89000925742357,138.09960333647365,137.12040256447324,136.39990124675214,136.30477081612207,135.45714968640087,135.44703283887924,135.40887337433142,135.30887275978603,135.24788195623378,134.7186455516911,134.63164287036193,134.626295670603,133.92177819666713
138.9663427965664,138.9676137764495,138.96735802971554,139.0266592635265,138.79366281091072,138.6959595863985,138.70778783177454,138.70852723569575,138.72687254448175,138.77460010294942,138.77460010294942,138.77460010294942,138.77460010294922,138.77460010294942,138.77460010294936,138.77460010294936,138.7754626945425,138.2100891243175,137.20991450001054,136.39930163429446,135.78036863264933,135.70620500483358,135.12184589940279,135.1135109784221,135.08944341059168,135.00554163916811,134.9669017957215,134.48203506771947,134.43121149160558,134.42020619760976,133.7812961864432
137.49490883898852,137.49303664432932,137.49089019879162,137.40384257899197,137.15832335542473,137.0240523932054,137.0088562797428,136.98664328307964,136.9751382955448,136.9491722318745,136.94917223187446,136.94917223187454,136.94917223187448,136.94917223187448,136.9491722318745,136.94917223187448,136.94917223187454,136.6124308765631,135.9371621771647,135.34041655663898,134.89234846200654,134.87312018029908,134.39208784861054,134.37252160548303,134.33401914185154,134.28465082382726,134.22439649841056,133.95309917108395,133.8997579371528,133.8955237450224,133.5404554496338
137.34759844394247,137.34628114814288,137.34293279999034,137.28656028551026,137.12929998672783,137.0118427881385,137.00078734923687,136.9822527944458,136.96960930057136,137.02745895081748,137.02745895081742,137.0274589508175,137.0274589508175,137.0274589508175,137.02745895081748,137.0274589508175,137.02745895081756,136.61821939784926,136.37460736385543,135.90220234907645,135.38723700773335,135.3698034141355,134.7846639643321,134.75783613225903,134.705855236276,134.64867509734106,134.61614729433597,134.340012088114,134.28836118180106,134.28401366980393,133.91082146788492
147.63363253911305,147.6321767512624,147.63134765753512,147.39423043423884,146.84087638608517,146.70987848102945,146.68889158006098,146.66351349076967,146.63268102417072,146.34522086316824,146.34522086316835,146.34522086316824,146.3452208631682,146.34522086316824,146.3452208631682,146.34522086316827,146.34522086316827,146.22513611272223,145.53060187577077,144.9292817147535,144.72856330397994,144.64978683168758,144.0265172155178,144.00785244666992,143.94110616987942,143.804859423248,143.70231397272545,143.06550847451578,142.8553181714219,142.8500755925734,142.15333757470256
147.59212857956354,147.59067630101939,147.5905705713319,147.35605721825524,146.9484268368934,146.85477982770507,146.84047699782408,146.82140337779836,146.79406160332692,146.3512856950091,146.35128569500907,146.35128569500904,146.35128569500907,146.351285695009,146.35128569500912,146.35128569500904,146.35128569500907,146.04443744285766,145.23316256782937,144.473531282264,144.0727819577704,143.98138635122842,143.25247143477432,143.23436474982867,143.16895558538238,143.04244770162958,142.94253723958641,142.316511509689,142.1378723595873,142.13258732342752,141.5038791100475
153.5607601064028,153.55971086444768,153.55747021609892,153.5037097725731,153.48899494747013,153.4723611361853,153.47311858221363,153.47130097038598,153.47330366569963,153.43906527777614,153.43906527777634,153.43906527777622,153.43906527777622,153.4390652777762,153.4390652777761,153.43906527777617,153.440270055108,153.33848729671908,153.1173449990994,153.1980310515714,153.33672348444625,153.36594998063407,153.61770103170147,153.6175902395976,153.63010494637248,153.6412406651433,153.6690999567672,153.71308717557557,153.76032264833228,153.75992557171168,153.7798855932266
153.56076010640265,153.55902486597427,153.5574702160988,153.50749335845373,153.50169570972673,153.4607278695513,153.4581854831986,153.45065736898343,153.45173976458156,153.31809277523024,153.31809277523033,153.31809277523033,153.31809277523033,153.3180927752302,153.31809277523027,153.3180927752303,153.3193636086576,153.2534944562725,153.04836560698536,153.19435404074397,153.33884449422928,153.3609516095824,153.6151416585756,153.6160597507724,153.63203508138298,153.65147227230608,153.6825345780357,153.75438073685325,153.78960104383123,153.78905064141344,153.90846031025882
150.32467855168676,150.32561804893803,150.3249093284399,150.23570237673363,149.99926634961386,149.93088549214247,149.92758689198726,149.91079386084107,149.8839959576196,149.7222518145163,149.72225181451643,149.72225181451645,149.7222518145164,149.72225181451643,149.72225181451648,149.7222518145164,149.72225181451648,149.51030702126025,149.07945176729393,148.74168492508,148.65203900661012,148.65733971468666,148.63821721140243,148.63529190010826,148.6204652305265,148.59093288110893,148.55292018169698,148.26152998485213,148.25910206073272,148.24523934064058,147.99522279235376
149.35169690584732,149.35149915184516,149.35145286293834,149.16876804269754,148.90049271531612,148.83146137218472,148.82876685657212,148.81094017960453,148.780493678438,148.59922029989718,148.5992202998972,148.59922029989715,148.59898354583365,148.5989835458337,148.59898354583368,148.5989835458337,148.59900238922563,148.131913083177,147.56011176995682,147.27465008098252,147.0849084483846,147.06999722667175,146.9276012849878,146.91916975113728,146.88996774354712,146.83933520861464,146.77328381353072,146.38720863387672,146.33594812187965,146.3303946995177,145.92610715673138
146.98359416004783,146.98453623627992,146.98359702532352,146.96546652934816,146.9008596485384,146.861683677479,146.84512979466066,146.83270813071803,146.82244912334477,146.78195830650043,146.78195830650054,146.7819583065005,146.7819583065006,146.78195830650043,146.78195830650048,146.7819583065005,146.78195830650046,146.71332826300466,146.33444071493955,145.79622107847882,145.40525065795012,145.2976743464654,145.00461676627938,144.9459525293521,144.8766940094417,144.85642498818257,144.77325609894243,144.6551398844955,144.3977987515341,144.39489476159696,144.13914850901713
147.15122809623767,147.15176659609557,147.15082910752238,147.11846490879623,147.03532603090252,146.97402584732464,146.95108822596728,146.93463295291653,146.9238113513572,146.8425519615703,146.84235156188808,146.8423515618881,146.84235156188802,146.8423515618881,146.84235156188805,146.8423515618879,146.8423515618879,146.74492115559812,146.6021815713321,146.17957255967715,145.78201284642836,145.77609497735955,145.5567107295445,145.5210441669047,145.47810099170923,145.44077926352935,145.39956479445775,145.25024319972036,145.11507606812512,145.10665172552405,144.59820064600623
147.88003058021488,147.87759389951972,147.87678257660124,147.68401816575636,147.25242769002674,147.146678547162,147.13335039577333,147.11360855771667,147.0869965809922,146.8909231379689,146.890923137969,146.89092313796894,146.8909231379689,146.8909231379689,146.89092313796888,146.89092313796894,146.89092362638326,146.72801696154468,146.0153992797808,145.36016397270492,145.03232773895752,144.9493588603745,144.2246710377937,144.20693841108488,144.14176215611278,144.0095205766037,143.9086672576941,143.27539063957704,143.06406783697702,143.05824443535076,142.35846112617455
147.5921285795635,147.59067630101936,147.59057057133194,147.36046856735655,146.96254724694512,146.87157985887944,146.85939987004193,146.83944960630123,146.81172165514897,146.6697196908572,146.66937904016385,146.6693790401638,146.6693790401639,146.66937904016385,146.66937904016396,146.6693790401638,146.66937904016385,146.31675240929852,145.45290130874415,144.64010857774994,144.19783680182508,144.1024856556642,143.32734763133575,143.30772170602373,143.24117157369471,143.10906718450082,143.0060327782957,142.3537416235976,142.1654596432515,142.1595140792907,141.51698101492104
153.56076010640274,153.5597108644476,153.55747021609886,153.50075473563908,153.48899494747008,153.4723611361852,153.47184391236323,153.47137185459044,153.47166642966113,153.4390652777761,153.43906527777628,153.43906527777617,153.43906527777617,153.43906527777614,153.439065277776,153.43906527777614,153.44027005510793,153.33334173437183,153.11382963235644,153.19252696886247,153.33523295449706,153.36457592789327,153.6179894106601,153.61759023959752,153.63010494637243,153.6412406651432,153.66966195355505,153.71308717557548,153.76032264833222,153.75992557171156,153.7798855932265
153.56076010640268,153.55902486597427,153.55747021609884,153.5026252949954,153.5018707184891,153.46045385986616,153.4576629047476,153.45133910534648,153.45052185855204,153.31809277523024,153.31809277523033,153.31809277523035,153.31809277523035,153.31809277523024,153.3180927752303,153.3180927752303,153.31936360865762,153.2489327842929,153.1602335500029,153.18767818350446,153.3925006353219,153.4270703642653,153.77305224968032,153.77637381474838,153.79457388834922,153.818379605633,153.85125455167918,153.95514456948442,154.00973996783512,154.0110933711994,154.16030683481773
149.69859352390276,149.6995400209381,149.69839346289584,149.5659975148084,149.23371393554933,149.1323169599438,149.12545450455792,149.10328298194943,149.0719849784474,148.82430515186886,148.82430515186894,148.82430515186897,148.82430515186894,148.824305151869,148.82430515186905,148.82430515186888,148.82430515186905,148.40760531261807,147.83617728559548,147.50267186106225,147.43324539580132,147.42901016092878,147.5493612803721,147.54198871315003,147.5192300425238,147.48252727734058,147.4298025971359,147.10460011439108,147.07477945422792,147.0719845881987,146.7599629909463
149.35169690584732,149.35149915184516,149.35122769223116,149.17103047434125,148.8219505074316,148.72868799221166,148.72628935312272,148.7041286353657,148.6705105695864,148.41644423107937,148.4162071878538,148.4164442310794,148.4162071878538,148.41620718785381,148.41620718785381,148.41620718785376,148.41620718785381,148.016343768137,147.52811471837603,147.37058200757653,147.17856860529537,147.1615713883178,147.00873604762336,147.00018649881423,146.96957109630742,146.9168438724163,146.84882054974437,146.45339892286313,146.3979062162737,146.3924510760865,145.97527087973958
146.98359416004783,146.98453623627992,146.98359702532352,146.96504497149155,146.91403503410064,146.87986935126142,146.86164719612518,146.84953426076507,146.8383675808521,146.8311258684774,146.83112586847741,146.8311258684774,146.83112586847744,146.83112586847727,146.8311258684774,146.8311258684774,146.8311258684774,146.7197747321456,146.28889264361686,145.68742947549808,145.3070805829783,145.1973592142733,144.8756270328321,144.81651678394653,144.7496718254176,144.73059625782307,144.64845213567307,144.54128362959068,144.2865025020299,144.2835781722383,144.04706259290947
147.1512280962377,147.15176659609554,147.15082910752236,147.12111959081668,147.03571104532665,146.97402584732458,146.9513282154026,146.9344104573523,146.9220533262306,146.84255196157028,146.84235156188805,146.8423515618881,146.84235156188802,146.84235156188808,146.84235156188802,146.84235156188788,146.84235156188788,146.738610084411,146.59980985558107,146.17567129881854,145.77912541123052,145.77711727412745,145.55671072954448,145.5202835007107,145.4781009917092,145.44077926352935,145.39956479445772,145.25024319972033,145.11507606812512,145.10665172552405,144.59820064600623
147.63363253911305,147.6321767512624,147.63134765753512,147.38947578641464,146.84087638608514,146.71022155942333,146.68980386019885,146.66351349076967,146.63237408321694,146.34522086316824,146.34522086316832,146.34522086316824,146.34522086316824,146.34522086316824,146.3452208631682,146.34522086316827,146.34522086316827,146.22743005974417,145.52999495664557,144.92985237719753,144.72937554875776,144.65008830580226,144.026921234011,144.0078524466699,143.94110616987942,143.804859423248,143.70231397272545,143.06550847451575,142.8553181714219,142.8500755925734,142.15333757470253
147.84081068555122,147.8393791395275,147.83930917488175,147.65149790081742,147.42776395166803,147.35507013157633,147.3386969941382,147.323057993259,147.30361315065707,147.26354322425343,147.26354322425343,147.26354322425334,147.26354322425343,147.2635432242534,147.26354322425348,147.26354322425337,147.26354322425348,147.23002584159767,146.5930279167398,145.7799076556264,145.30099694857623,145.19392757539404,144.40331261930257,144.38683763934858,144.33077713475762,144.21375885772548,144.12310821916526,143.51985623221842,143.38558691329322,143.37332679513537,142.87009354522138
153.56076010640274,153.5597108644476,153.55747021609886,153.49965778244888,153.47688803076707,153.462988070414,153.46206492360446,153.46334918061126,153.46488252610206,153.52605662336407,153.52605662336416,153.52605662336407,153.5260566233641,153.52605662336407,153.52605662336398,153.5260566233641,153.5273273025353,153.39166707437064,153.15495150755066,153.21001933361836,153.29159160937778,153.31027041988781,153.4104200828766,153.40883371613532,153.41312078771102,153.41159502516112,153.4250946426583,153.37590730071034,153.38314750791739,153.38168368872905,153.28496751447372
153.56076010640268,153.55902486597427,153.5574702160989,153.50543540304227,153.50162482199008,153.4599479629881,153.45748766017266,153.45007218536065,153.44886006723056,153.3180927752303,153.31809277523035,153.31809277523038,153.31809277523035,153.3180927752303,153.31809277523033,153.31809277523033,153.31936360865762,153.2442456359836,153.1594122720159,153.1874938568553,153.39176765496336,153.42762559543448,153.77378058094908,153.7753516220038,153.79457388834925,153.818379605633,153.85125455167918,153.95514456948445,154.00973996783515,154.01109337119942,154.16030683481776
149.69859352390287,149.6995400209382,149.69839346289595,149.56208859507635,149.23252667776057,149.1323169599439,149.12629916941867,149.10397151356605,149.07150895095975,148.8243051518689,148.82430515186903,148.8243051518691,148.82430515186905,148.82430515186908,148.82430515186917,148.824305151869,148.82430515186914,148.4141081621618,147.8390505910814,147.5122182721434,147.43621764955287,147.42981926174363,147.5498301965528,147.5426916859654,147.51923004252387,147.4825272773407,147.42980259713602,147.10460011439116,147.074779454228,147.0719845881988,146.7599629909463
149.35169690584732,149.35149915184516,149.3512276922312,149.15933012416096,148.82263797520116,148.72868799221166,148.7255833793426,148.7041286353657,148.67028910203217,148.41644423107937,148.4164442310794,148.41644423107937,148.4162071878538,148.41620718785381,148.41620718785381,148.41620718785373,148.41620718785381,148.01573172647312,147.52847525815886,147.37362751989238,147.22021509035324,147.2113931166023,147.11380261893848,147.1058300846651,147.0776616893534,147.030044696157,146.96562948047358,146.59007656958954,146.54254498257288,146.5370418117049,146.14821739103326
146.98359416004783,146.98453623627995,146.98359702532355,146.96319871787108,146.9008596485384,146.86109623034085,146.84575928492623,146.83239287089992,146.82093865672613,146.78195830650043,146.78195830650057,146.78195830650054,146.7819583065006,146.78195830650043,146.78195830650048,146.78195830650054,146.78195830650046,146.70884194371598,146.3348052216056,145.7969862463709,145.40500945381436,145.29767445533244,145.00422043269663,144.94595252935216,144.8766940094417,144.8564249881826,144.77214230503944,144.65513988449553,144.3977987515341,144.39489476159696,144.13914850901716
147.1512280962377,147.15176659609557,147.15082910752238,147.1238736910322,147.03614619967,146.9738041148842,146.9519704890693,146.93441045735233,146.9231813240456,146.8425519615703,146.84235156188808,146.8423515618881,146.84235156188805,146.8423515618881,146.84235156188805,146.8423515618879,146.8423515618879,146.7451194593624,146.6023977875296,146.18127489205568,145.7803911514116,145.77609497735955,145.5567107295445,145.52028617843666,145.47810099170923,145.44077926352935,145.39956479445775,145.25024319972033,145.11507606812512,145.10665172552405,144.59820064600623
179.99999914622634,180.0,179.99999914622634,179.99787822458683,179.99929267700236,179.99999914622634,180.0,180.0,179.99929258168322,180.0,180.0,180.0,179.99999914622634,180.0,180.0,180.0,180.0,179.9971700463467,179.99877454897066,179.9987743613176,180.0,179.99929236430052,179.99999914622634,180.0,180.0,180.0,179.99812770106215,179.99858466782695,179.99858466782695,179.99858466782695,179.99858466782695
179.97246991833066,179.97246972169575,179.97167090493787,179.95463689395388,179.90806568493304,179.886873612541,179.8775043067537,179.8730659478722,179.86928729122354,179.85670528832648,179.85670528832648,179.85670528832392,179.85670528832392,179.856705288329,179.85670528832392,179.85670528832648,179.85670528833157,179.82020666086075,179.6434148239216,179.61475860159302,179.6070149955915,179.59921793969485,179.53224591703892,179.5331388799971,179.5344390441343,179.53260099258983,179.52978869679714,179.52326936717185,179.51895031671083,179.51792118399442,179.4754034893733
179.97246991833066,179.97246972170896,179.97167090493787,179.95295117230734,179.90846372586225,179.8872926566335,179.8791342742955,179.87388572969948,179.8706881359525,179.85684808802839,179.8568480880258,179.85684808802839,179.85684808802839,179.85684808802839,179.85684808803092,179.85684808803092,179.85684808803092,179.82466351009097,179.58803830500457,179.63813201295642,179.69494988363655,179.69243077438063,179.64220982791065,179.6447172653189,179.64979889818187,179.65158811885848,179.65328203644387,179.67322970064157,179.67472834136277,179.67402409225312,179.61801676390985
179.97246991833066,179.97246972169575,179.97167090496362,179.9509125695567,179.9093095288293,179.88779209825253,179.87950124657903,179.8739430324845,179.86887970017287,179.85624463261865,179.8562446326161,179.85624463261865,179.85624463261865,179.85624463261865,179.8562446326161,179.85624463261357,179.85624463261357,179.82008065394277,179.6426331197337,179.61098622404015,179.60521123068847,179.59731940351355,179.52934586658995,179.52955414263533,179.5314790652687,179.52954470083145,179.52667690431932,179.51985987509124,179.5153782845462,179.51434112782388,179.47163720552493
