Temperature,Path,Final_Rw,a,vol,outlier_pct,VO_Total,VO_Outliers,VO_Outlier_Pct,Mean_U_tra_V-O-V,Mean_U_tra_Zr-O-V,Uiso_O_Phase0,Uiso_O_Phase0_err,Uiso_V_Phase0,Uiso_V_Phase0_err,Uiso_Zr_Phase0,Uiso_Zr_Phase0_err,delta2_Phase0,delta2_Phase0_err,psize_Phase0,psize_Phase0_err,s_Phase0,s_Phase0_err
25,fits/NewResults_Feb2026/Fit_ContinousSeries/ZirconiumVanadate_Refinement09012026_FreshStartIso100CPhaseTransition/PDF_ZrV2O7_061_25C_avg_46_65_00000 (Copy),0.1456967299687963,26.3398,18274.159829800796,0,800,115,14.374999999999998,0.409082838379422,0.44410121678956094,0.00559090449,25814984300.0,0.000549170357,4099994700.0,0.000675133046,4634503640.0,2.55991326,27637130100000.0,184.804484,428908136000.0,0.490796968,2885154770.0
25,fits/NewResults_Feb2026/Fit_ContinousSeries/ZirconiumVanadate_Refinement09012026_FreshStartIso100CPhaseTransition/PDF_ZrV2O7_061_25C_avg_46_65_00000,0.1470012752640903,26.3399,18274.3679661102,0,800,115,14.374999999999998,0.40903050103545013,0.4441015146325505,0.00555935279,74163526400.0,0.000532647896,11253257100.0,0.000711189976,16036380300.0,2.55989096,88972487200000.0,184.804484,1432028480000.0,0.490320838,9717232420.0
60,fits/NewResults_Feb2026/Fit_ContinousSeries/ZirconiumVanadate_Refinement09012026_FreshStartIso100CPhaseTransition/PDF_ZrV2O7_061_60C_avg_66_85_00000,0.1288368242776401,26.3635,18323.532345572872,0,800,115,14.374999999999998,0.40947049554522813,0.44450196354839977,0.00639108712,2596280130000.0,0.00119421463,592582870000.0,0.000105797997,48063506400.0,2.56374818,1831990210000000.0,184.804489,30763426500000.0,0.497171531,638562253000.0
70,fits/NewResults_Feb2026/Fit_ContinousSeries/ZirconiumVanadate_Refinement09012026_FreshStartIso100CPhaseTransition/PDF_ZrV2O7_061_70C_avg_106_125_00000,0.1270920099051525,26.3722,18341.67872344305,0,800,115,14.374999999999998,0.40962015759103254,0.4446603017213411,0.00664004386,4201254100000.0,0.00145953511,1153626200000.0,0.000148545331,129274188000.0,2.5645004,1949981080000000.0,184.804495,54723127800000.0,0.505220374,968021240000.0
75,fits/NewResults_Feb2026/Fit_ContinousSeries/ZirconiumVanadate_Refinement09012026_FreshStartIso100CPhaseTransition/PDF_ZrV2O7_061_75C_avg_126_145_00000,0.1225107163010679,26.3945,18388.24655563363,0,800,119,14.875,0.4102853673723208,0.4460997093999156,0.00652681223,8187607040000.0,0.00140327985,2338975300000.0,0.000212507094,324726148000.0,2.55231859,3771061460000000.0,184.804535,107976153000000.0,0.516539767,1398133240000.0
80,fits/NewResults_Feb2026/Fit_ContinousSeries/ZirconiumVanadate_Refinement09012026_FreshStartIso100CPhaseTransition/PDF_ZrV2O7_061_80C_avg_146_165_00000,0.113341319105592,26.4067,18413.756451588764,0,800,119,14.875,0.4122777284349518,0.4470746963593553,0.0061087673,1421394050000.0,0.000887111803,249415397000.0,9.5097955e-05,26400997200.0,2.55591075,854481671000000.0,255.31134,17997410000000.0,0.496116103,419157544000.0
85,fits/NewResults_Feb2026/Fit_ContinousSeries/ZirconiumVanadate_Refinement09012026_FreshStartIso100CPhaseTransition/PDF_ZrV2O7_061_85C_avg_166_185_00000,0.1059180051695039,26.4106,18421.91622810301,0,800,122,15.25,0.4125534416329939,0.4473332147168263,0.00622155766,854009098000.0,0.000809135939,121777208000.0,3.9863798e-05,5680801550.0,2.55716338,581341021000000.0,255.31134,9881248560000.0,0.498227347,271957867000.0
90,fits/NewResults_Feb2026/Fit_ContinousSeries/ZirconiumVanadate_Refinement09012026_FreshStartIso100CPhaseTransition/PDF_ZrV2O7_061_90C_avg_186_205_00000,0.104191121169918,26.4106,18421.91622810301,0,800,122,15.25,0.4125833647656427,0.44752678255116113,0.00630391669,515302819000.0,0.000827564213,85021016200.0,2.81115236e-05,2829233570.0,2.55755547,259306832000000.0,255.31134,6676769610000.0,0.50181989,189456643000.0
95,fits/NewResults_Feb2026/Fit_ContinousSeries/ZirconiumVanadate_Refinement09012026_FreshStartIso100CPhaseTransition/PDF_ZrV2O7_061_95C_avg_206_225_00000,0.1027639563315919,26.411,18422.753264531002,0,800,122,15.25,0.4126634785126245,0.44765043799112514,0.00648326561,548599393000.0,0.000958279693,109723982000.0,2.69800385e-05,2644578160.0,2.55810194,258836299000000.0,255.31134,6777434870000.0,0.500936605,193389539000.0
100,fits/NewResults_Feb2026/Fit_ContinousSeries/ZirconiumVanadate_Refinement09012026_FreshStartIso100CPhaseTransition/PDF_ZrV2O7_061_100C_avg_226_245_00000,0.1055756097665408,26.4125,18425.89237695313,0,800,122,15.25,0.41270547459084306,0.4478444418869919,0.00654406554,431594642000.0,0.00103453273,73559540400.0,2.58881031e-05,2210593350.0,2.55819368,218830663000000.0,255.31134,5139782490000.0,0.503077044,150164629000.0
105,fits/NewResults_Feb2026/Fit_ContinousSeries/ZirconiumVanadate_Refinement09012026_FreshStartIso100CPhaseTransition/PDF_ZrV2O7_061_105C_avg_246_265_00000,0.1304158450062253,26.4557,18516.451906016693,0,800,140,17.5,0.4136608067369665,0.44946224230064874,0.00631366891,34763753200.0,0.00110241296,8500756140.0,0.000203866374,1610207770.0,2.55946795,20617386000000.0,255.311344,495270023000.0,0.513611085,6786637380.0
105,fits/NewResults_Feb2026/Fit_ContinousSeries/ZirconiumVanadate_Refinement09012026_FreshStartIso100CPhaseTransition/PDF_ZrV2O7_061_105C_avg_246_265_00000 (Copy),0.130409034578526,26.4557,18516.451906016693,0,800,140,17.5,0.4136608067369665,0.4494619671235168,0.00631677578,37047919000.0,0.00111562054,8446727670.0,0.000207421858,1714298700.0,2.55946845,21622382600000.0,255.311344,490018919000.0,0.514353988,6582730490.0
111,fits/NewResults_Feb2026/Fit_ContinousSeries/ZirconiumVanadate_Refinement09012026_FreshStartIso100CPhaseTransition/PDF_ZrV2O7_061_111C_avg_266_285_00000,0.1328268770987171,26.4633,18532.414303324138,0,800,140,17.5,0.4137819554197383,0.4495921964994358,0.00635690103,196065693000.0,0.00117126471,37591961500.0,0.000113769471,3470276940.0,2.56097839,115768042000000.0,255.311345,2147168490000.0,0.516331723,44849592700.0
117,fits/NewResults_Feb2026/Fit_ContinousSeries/ZirconiumVanadate_Refinement09012026_FreshStartIso100CPhaseTransition/PDF_ZrV2O7_061_117C_avg_286_305_00000,0.135889847916057,26.4641,18534.095089126717,0,800,140,17.5,0.41379384710487355,0.4496056997628631,0.00663539636,2692412800000.0,0.00131763803,737153794000.0,0.000109193449,57336078600.0,2.56109977,740742566000000.0,255.311345,33694267500000.0,0.516600702,730909950000.0
122,fits/NewResults_Feb2026/Fit_ContinousSeries/ZirconiumVanadate_Refinement09012026_FreshStartIso100CPhaseTransition/PDF_ZrV2O7_061_122C_avg_306_325_00000,0.1368892556404441,26.4644,18534.725410001985,0,800,140,17.5,0.41379823384496006,0.4496108009930144,0.00672413552,2504008360000.0,0.0014033438,781511686000.0,0.000108481984,57592898000.0,2.56115915,498375186000000.0,255.311345,29881751700000.0,0.519980284,666290348000.0
154,fits/NewResults_Feb2026/Fit_ContinousSeries/ZirconiumVanadate_Refinement09012026_FreshStartIso100CPhaseTransition/PDF_ZrV2O7_061_154C_avg_326_345_00000,0.1373420188342797,26.4643,18534.51530145571,0,800,140,17.5,0.41379658526580415,0.4496091020661504,0.00695363409,3197127350000.0,0.00161387165,1022148400000.0,0.000117492685,73240592800.0,2.56112746,814908775000000.0,255.311347,41163541900000.0,0.512664213,858193088000.0
209,fits/NewResults_Feb2026/Fit_ContinousSeries/ZirconiumVanadate_Refinement09012026_FreshStartIso100CPhaseTransition/PDF_ZrV2O7_061_209C_avg_346_365_00000,0.1382984726762464,26.4617,18529.053036573114,0,800,140,17.5,0.413755931710626,0.44956492996768693,0.00673778944,1027178120.0,0.00127522465,323532333.0,0.000610364777,127420439.0,2.5606551,634643038000.0,255.311347,15465780200.0,0.495714431,102072002.0
264,fits/NewResults_Feb2026/Fit_ContinousSeries/ZirconiumVanadate_Refinement09012026_FreshStartIso100CPhaseTransition/PDF_ZrV2O7_061_264C_avg_366_385_00000,0.1367820286893712,26.4527,18510.15348373118,0,800,137,17.125,0.4136152073193226,0.4494120265499279,0.00760632615,16048212400000.0,0.00200542657,6345595720000.0,0.00157449442,5607023780000.0,2.5588827,684409315000000.0,255.31135,233175386000000.0,0.501581456,1494671840000.0
318,fits/NewResults_Feb2026/Fit_ContinousSeries/ZirconiumVanadate_Refinement09012026_FreshStartIso100CPhaseTransition/PDF_ZrV2O7_061_318C_avg_386_405_00000,0.1414639587948329,26.4492,18502.80712978349,0,800,134,16.75,0.4135612141097133,0.4493529530246017,0.00847350362,22348466900000.0,0.00212082656,8108317190000.0,0.00253814071,10193887300000.0,2.55819842,1671440510000000.0,255.311352,295897145000000.0,0.497400589,1920918790000.0
372,fits/NewResults_Feb2026/Fit_ContinousSeries/ZirconiumVanadate_Refinement09012026_FreshStartIso100CPhaseTransition/PDF_ZrV2O7_061_372C_avg_426_445_00000,0.1366654355419615,26.4316,18465.894925506494,0,806,120,14.888337468982629,0.4137289612908747,0.4491812732896297,0.00833370071,3827133410000.0,0.00264367627,1800429240000.0,0.00238513561,1684941100000.0,2.4135957,484389876000000.0,255.311332,51864220800000.0,0.491180854,369610149000.0
427,fits/NewResults_Feb2026/Fit_ContinousSeries/ZirconiumVanadate_Refinement09012026_FreshStartIso100CPhaseTransition/PDF_ZrV2O7_061_427C_avg_446_465_00000,0.1321046286722302,26.426,18454.160436775997,0,804,108,13.432835820895523,0.4157907362148055,0.4503465042680422,0.00987589102,3879780710000.0,0.00284316555,2471948680000.0,0.00235147568,1595023300000.0,2.52603145,582557364000000.0,255.311132,40779956200000.0,0.486219118,326504747000.0
481,fits/NewResults_Feb2026/Fit_ContinousSeries/ZirconiumVanadate_Refinement09012026_FreshStartIso100CPhaseTransition/PDF_ZrV2O7_061_481C_avg_466_485_00000,0.129421696181871,26.4196,18440.755681001534,0,799,114,14.267834793491865,0.41712029325460703,0.45307874390119013,0.0102308849,5181051160000.0,0.00265274709,3423901260000.0,0.0023714331,2327497810000.0,2.54408755,1136931120000000.0,255.311119,49332722500000.0,0.482193523,381819643000.0
536,fits/NewResults_Feb2026/Fit_ContinousSeries/ZirconiumVanadate_Refinement09012026_FreshStartIso100CPhaseTransition/PDF_ZrV2O7_061_536C_avg_486_505_00000,0.1305949671553783,26.4144,18429.869097897983,0,795,113,14.213836477987421,0.41764716856606465,0.4553201437062726,0.010916723,10165015500000.0,0.00281334741,3953393960000.0,0.00271753653,4313133740000.0,2.54550404,3350671170000000.0,255.311115,114511751000000.0,0.481972279,959848082000.0
590,fits/NewResults_Feb2026/Fit_ContinousSeries/ZirconiumVanadate_Refinement09012026_FreshStartIso100CPhaseTransition/PDF_ZrV2O7_061_590C_avg_506_525_00000,0.1392076888011762,26.41,18420.660721,0,795,113,14.213836477987421,0.4175731105624778,0.455522546913315,0.0114626071,3266127090000.0,0.00296071551,1237445230000.0,0.00343999876,1412331670000.0,2.54648842,992881325000000.0,255.311107,33911526400000.0,0.476933778,304472035000.0
644,fits/NewResults_Feb2026/Fit_ContinousSeries/ZirconiumVanadate_Refinement09012026_FreshStartIso100CPhaseTransition/PDF_ZrV2O7_061_644C_avg_526_545_00000,0.143794240854745,26.4063,18412.91968769805,0,795,109,13.71069182389937,0.4189782575032372,0.4571664186855814,0.0124853029,1.96119091e+20,0.00287955145,1.5114435e+19,0.00355422401,4.59821694e+19,2.54732914,907917440000000.0,255.311101,4.21608821e+20,0.475772442,1.15134523e+19
650,fits/NewResults_Feb2026/Fit_ContinousSeries/ZirconiumVanadate_Refinement09012026_FreshStartIso100CPhaseTransition/PDF_ZrV2O7_061_650C_avg_546_565_00000,0.1456211347742711,26.4059,18412.08294915738,0,795,109,13.71069182389937,0.41904517546696907,0.4572022928767742,0.012629786,37944024600000.0,0.00290437599,13791568400000.0,0.00367335104,18338865100000.0,2.54849128,5406698690000000.0,255.311098,396870434000000.0,0.473898236,3293064070000.0
655,fits/NewResults_Feb2026/Fit_ContinousSeries/ZirconiumVanadate_Refinement09012026_FreshStartIso100CPhaseTransition/PDF_ZrV2O7_061_655C_avg_566_585_00000,0.1462661058206987,26.4046,18409.36372396933,0,795,109,13.71069182389937,0.41911511123248907,0.4573979498261281,0.0124130066,8708111420000.0,0.00290837624,2815336490000.0,0.00375360057,3652367020000.0,2.54967493,1902060100000000.0,255.311094,76821157400000.0,0.473304025,733606397000.0
661,fits/NewResults_Feb2026/Fit_ContinousSeries/ZirconiumVanadate_Refinement09012026_FreshStartIso100CPhaseTransition/PDF_ZrV2O7_061_661C_avg_586_605_00000,0.1471422148528949,26.4043,18408.736248487505,0,795,112,14.08805031446541,0.41928570754636235,0.45779631133605375,0.0125629613,18549317600000.0,0.00288642756,5101345800000.0,0.00387487774,7175180650000.0,2.55076629,3797335310000000.0,255.311091,151147910000000.0,0.472490791,1503652250000.0
666,fits/NewResults_Feb2026/Fit_ContinousSeries/ZirconiumVanadate_Refinement09012026_FreshStartIso100CPhaseTransition/PDF_ZrV2O7_061_666C_avg_606_625_00000,0.1485176972514988,26.4043,18408.736248487505,0,794,112,14.105793450881613,0.4194178186491622,0.45814864154024004,0.0123442692,10149683400000.0,0.00277670797,3111344730000.0,0.00385012253,4398141440000.0,2.55134037,2579123520000000.0,255.311087,89236360100000.0,0.471779551,910944714000.0
672,fits/NewResults_Feb2026/Fit_ContinousSeries/ZirconiumVanadate_Refinement09012026_FreshStartIso100CPhaseTransition/PDF_ZrV2O7_061_672C_avg_626_645_00000,0.1470218726473403,26.4048,18409.782048878595,0,793,112,14.123581336696093,0.42067306358689255,0.4600915617254581,0.0127063009,31589221000000.0,0.00252752456,9388419210000.0,0.00376208212,13943846600000.0,2.55206842,5522420410000000.0,255.311082,299737028000000.0,0.473506322,2659758470000.0
677,fits/NewResults_Feb2026/Fit_ContinousSeries/ZirconiumVanadate_Refinement09012026_FreshStartIso100CPhaseTransition/PDF_ZrV2O7_061_677C_avg_646_665_00000,0.1461252947945739,26.4035,18407.06305024288,0,793,114,14.37578814627995,0.42074271574434347,0.4604302808825637,0.0127109105,6542758250000.0,0.00251688957,2100869040000.0,0.00368460017,2955765240000.0,2.55297772,1677519450000000.0,255.311078,60413982000000.0,0.472849896,575149534000.0
688,fits/NewResults_Feb2026/Fit_ContinousSeries/ZirconiumVanadate_Refinement09012026_FreshStartIso100CPhaseTransition/PDF_ZrV2O7_061_688C_avg_666_685_00000,0.14811333012723,26.4026,18405.180823409573,0,793,114,14.37578814627995,0.4207376749976784,0.46043525187308815,0.0125707577,3302325010000.0,0.00251540818,966961323000.0,0.00376998497,1472132150000.0,2.55330965,877115701000000.0,255.311072,29966469000000.0,0.472019696,284895175000.0
699,fits/NewResults_Feb2026/Fit_ContinousSeries/ZirconiumVanadate_Refinement09012026_FreshStartIso100CPhaseTransition/PDF_ZrV2O7_061_699C_avg_686_705_00000,0.1438147932379929,26.4024,18404.762568205824,0,793,120,15.132408575031524,0.421747085632201,0.4635843020730412,0.0129007678,19225714700000.0,0.00230125467,5395653190000.0,0.00359382679,7793756300000.0,2.55457333,4469726720000000.0,255.311068,174167149000000.0,0.473754318,1430225850000.0
