Temperature,Path,Final_Rw,a,vol,outlier_pct,VO_Total,VO_Outliers,VO_Outlier_Pct,Uiso_O_Phase0,Uiso_O_Phase0_err,Uiso_V_Phase0,Uiso_V_Phase0_err,Uiso_Zr_Phase0,Uiso_Zr_Phase0_err,delta2_Phase0,delta2_Phase0_err,psize_Phase0,psize_Phase0_err,s_Phase0,s_Phase0_err
25,fits/NewResults_Feb2026/Fit_IndependentSeries/Fit_IndependentSeriesZirconiumVanadate_Refinement22022026_Independent/PDF_ZrV2O7_061_25C_avg_46_65_00000,0.1430195181153736,26.3404,18275.40867136326,0,800,106,13.25,0.00607922949,20301724000000.0,0.000615926625,2775424390000.0,0.000465027572,2387943710000.0,2.55081557,1.06407216e+16,200.475968,314745360000000.0,0.490079405,2268227960000.0
60,fits/NewResults_Feb2026/Fit_IndependentSeries/Fit_IndependentSeriesZirconiumVanadate_Refinement22022026_Independent/PDF_ZrV2O7_061_60C_avg_66_85_00000,0.1249218624882272,26.3637,18323.949369215858,0,800,122,15.25,0.0061966944,959350823000.0,0.00104939556,207374105000.0,5.19128699e-05,9778061350.0,2.55034664,266880218000000.0,166.004606,12061176100000.0,0.498260955,306444821000.0
70,fits/NewResults_Feb2026/Fit_IndependentSeries/Fit_IndependentSeriesZirconiumVanadate_Refinement22022026_Independent/PDF_ZrV2O7_061_70C_avg_106_125_00000,0.1285146670972435,26.3734,18344.182611930904,0,800,119,14.875,0.00737230461,1900377380000.0,0.00137123792,437454507000.0,0.00010110547,31553979200.0,2.70849727,866847333000000.0,173.345897,20266988600000.0,0.504928189,469164644000.0
75,fits/NewResults_Feb2026/Fit_IndependentSeries/Fit_IndependentSeriesZirconiumVanadate_Refinement22022026_Independent/PDF_ZrV2O7_061_75C_avg_126_145_00000,0.1284911252805488,26.3931,18385.320698383493,0,800,125,15.625,0.00640340688,15086017300000.0,0.00131700741,4211815760000.0,0.000283755139,1034190150000.0,2.56363461,4438729260000000.0,192.169787,224114810000000.0,0.510349633,2090625260000.0
80,fits/NewResults_Feb2026/Fit_IndependentSeries/Fit_IndependentSeriesZirconiumVanadate_Refinement22022026_Independent/PDF_ZrV2O7_061_80C_avg_146_165_00000,0.1209874556524348,26.4126,18426.10166379238,0,800,125,15.625,0.00748909298,571999421000.0,0.000832272947,78885989500.0,3.03496709e-05,3474634810.0,2.70656139,241361989000000.0,202.030111,6792932900000.0,0.500856943,191953349000.0
85,fits/NewResults_Feb2026/Fit_IndependentSeries/Fit_IndependentSeriesZirconiumVanadate_Refinement22022026_Independent/PDF_ZrV2O7_061_85C_avg_166_185_00000,0.1261985535471665,26.4068,18413.965646522433,0,800,125,15.625,0.0077858563,408833559000.0,0.00131715361,112587967000.0,0.000101660636,7177394440.0,2.72344939,287994992000000.0,208.600499,4946713540000.0,0.508450631,104828089000.0
90,fits/NewResults_Feb2026/Fit_IndependentSeries/Fit_IndependentSeriesZirconiumVanadate_Refinement22022026_Independent/PDF_ZrV2O7_061_90C_avg_186_205_00000,0.1080790749547226,26.4141,18429.24115655522,0,800,125,15.625,0.00672587407,487481550000.0,0.000962274102,93806347600.0,2.97419368e-05,2669650600.0,2.55469415,262346483000000.0,213.481673,6101359230000.0,0.507885149,177673348000.0
95,fits/NewResults_Feb2026/Fit_IndependentSeries/Fit_IndependentSeriesZirconiumVanadate_Refinement22022026_Independent/PDF_ZrV2O7_061_95C_avg_206_225_00000,0.1104681009884699,26.4156,18432.381005908417,0,800,125,15.625,0.00624338661,904683081000.0,0.00110722484,190071395000.0,4.62737188e-05,8531425100.0,2.4026528,413285749000000.0,219.460993,12022603100000.0,0.505920474,299696021000.0
100,fits/NewResults_Feb2026/Fit_IndependentSeries/Fit_IndependentSeriesZirconiumVanadate_Refinement22022026_Independent/PDF_ZrV2O7_061_100C_avg_226_245_00000,0.1106509084722125,26.4185,18438.452392531628,0,800,125,15.625,0.00692166168,26325585700.0,0.00123971097,5406482160.0,5.17331742e-05,223470954.0,2.55951647,18068061000000.0,223.222385,289704055000.0,0.50715249,6846154400.0
105,fits/NewResults_Feb2026/Fit_IndependentSeries/Fit_IndependentSeriesZirconiumVanadate_Refinement22022026_Independent/PDF_ZrV2O7_061_105C_avg_246_265_00000,0.1296589674094098,26.4612,18528.002724068934,0,800,138,17.25,0.00760106569,639885096000.0,0.00132163521,123943588000.0,0.000105659913,9572211160.0,2.72139744,512046606000000.0,278.405604,5999247120000.0,0.509142412,119034818000.0
111,fits/NewResults_Feb2026/Fit_IndependentSeries/Fit_IndependentSeriesZirconiumVanadate_Refinement22022026_Independent/PDF_ZrV2O7_061_111C_avg_266_285_00000,0.1251063296518672,26.4651,18536.19621428645,0,800,137,17.125,0.00772583129,688920273000.0,0.00143223026,179311588000.0,3.80421711e-05,4397432780.0,2.70454186,355107098000000.0,300.300859,8016750440000.0,0.505727347,202741141000.0
117,fits/NewResults_Feb2026/Fit_IndependentSeries/Fit_IndependentSeriesZirconiumVanadate_Refinement22022026_Independent/PDF_ZrV2O7_061_117C_avg_286_305_00000,0.12749034414289,26.4678,18541.870045393753,0,800,137,17.125,0.00784145489,901813329000.0,0.00142874317,222412304000.0,5.14054559e-05,7646603320.0,2.70422915,435173357000000.0,312.605177,9609696370000.0,0.501899378,227344616000.0
122,fits/NewResults_Feb2026/Fit_IndependentSeries/Fit_IndependentSeriesZirconiumVanadate_Refinement22022026_Independent/PDF_ZrV2O7_061_122C_avg_306_325_00000,0.1299191927787149,26.4694,18545.232861967383,0,800,131,16.375,0.00831171216,874002422000.0,0.00151843005,205062877000.0,5.22179708e-05,8474710960.0,2.70271072,443536720000000.0,320.013036,9442137620000.0,0.50714903,230282864000.0
154,fits/NewResults_Feb2026/Fit_IndependentSeries/Fit_IndependentSeriesZirconiumVanadate_Refinement22022026_Independent/PDF_ZrV2O7_061_154C_avg_326_345_00000,0.1472345094604452,26.4681,18542.50054253324,0,800,137,17.125,0.00794910433,4973181720000.0,0.0020421109,1673965430000.0,0.000135531649,118472944000.0,2.56502588,2633077420000000.0,322.334526,55984312600000.0,0.518151154,970377174000.0
209,fits/NewResults_Feb2026/Fit_IndependentSeries/Fit_IndependentSeriesZirconiumVanadate_Refinement22022026_Independent/PDF_ZrV2O7_061_209C_avg_346_365_00000,0.1378312202664045,26.4594,18524.22192769658,0,800,137,17.125,0.00782216622,20246829800000.0,0.00217727732,8538251210000.0,0.000319019152,1388276860000.0,2.54287755,1.03439494e+16,284.255716,278564064000000.0,0.506373933,2215350210000.0
264,fits/NewResults_Feb2026/Fit_IndependentSeries/Fit_IndependentSeriesZirconiumVanadate_Refinement22022026_Independent/PDF_ZrV2O7_061_264C_avg_366_385_00000,0.1356550290909702,26.4495,18503.436741087375,0,794,137,17.2544080604534,0.00816032452,1926289720000.0,0.00232428483,717792265000.0,0.000767843252,305635323000.0,2.56258175,1725085860000000.0,248.938635,25103316700000.0,0.501285461,156240290000.0
318,fits/NewResults_Feb2026/Fit_IndependentSeries/Fit_IndependentSeriesZirconiumVanadate_Refinement22022026_Independent/PDF_ZrV2O7_061_318C_avg_386_405_00000,0.1289762016237352,26.4406,18484.764345035415,0,800,116,14.499999999999998,0.00861644947,4626708160000.0,0.00217174418,1741433480000.0,0.000746474194,771070940000.0,2.4117539,1093002650000000.0,220.895664,53643026700000.0,0.501778061,439381110000.0
372,fits/NewResults_Feb2026/Fit_IndependentSeries/Fit_IndependentSeriesZirconiumVanadate_Refinement22022026_Independent/PDF_ZrV2O7_061_372C_avg_426_445_00000,0.1376173592239324,26.431,18464.637420991003,0,800,122,15.25,0.0100374208,3990530220000.0,0.00297260698,1866101680000.0,0.0018625565,1449991420000.0,2.55378575,646779543000000.0,197.697407,52231586700000.0,0.503894096,352765128000.0
427,fits/NewResults_Feb2026/Fit_IndependentSeries/Fit_IndependentSeriesZirconiumVanadate_Refinement22022026_Independent/PDF_ZrV2O7_061_427C_avg_446_465_00000,0.1360283683275542,26.4262,18454.579440032732,0,805,111,13.788819875776397,0.00987932114,4249090930000.0,0.00311553768,2157785880000.0,0.0023045316,1718719020000.0,2.41665762,1437598580000000.0,227.901067,52016832200000.0,0.491085444,399433877000.0
481,fits/NewResults_Feb2026/Fit_IndependentSeries/Fit_IndependentSeriesZirconiumVanadate_Refinement22022026_Independent/PDF_ZrV2O7_061_481C_avg_466_485_00000,0.1537740267432757,26.421,18443.687416460998,0,800,125,15.625,0.0119599976,24352843200000.0,0.00405968891,10552330000000.0,0.00360599357,11450293900000.0,2.54694241,4369566660000000.0,165.578881,283853836000000.0,0.503929721,2794271750000.0
536,fits/NewResults_Feb2026/Fit_IndependentSeries/Fit_IndependentSeriesZirconiumVanadate_Refinement22022026_Independent/PDF_ZrV2O7_061_536C_avg_486_505_00000,0.1540393375648706,26.4156,18432.381005908417,0,800,117,14.625,0.01328793,2.38155495e+18,0.00424549386,1.75247518e+18,0.00419399879,3.53852594e+18,2.55614462,247099108000000.0,152.841204,6.95523853e+18,0.508425224,3.97263289e+17
590,fits/NewResults_Feb2026/Fit_IndependentSeries/Fit_IndependentSeriesZirconiumVanadate_Refinement22022026_Independent/PDF_ZrV2O7_061_590C_avg_506_525_00000,0.1742422850644594,26.407,18414.384041143,0,800,125,15.625,0.0175970346,4674839630000.0,0.00541826229,1347885570000.0,0.00514699038,1344766300000.0,2.72349751,101851617000000.0,142.705363,31550529000000.0,0.504201558,211841698000.0
644,fits/NewResults_Feb2026/Fit_IndependentSeries/Fit_IndependentSeriesZirconiumVanadate_Refinement22022026_Independent/PDF_ZrV2O7_061_644C_avg_526_545_00000,0.1824128193260004,26.4053,18410.82788887688,0,800,125,15.625,0.0154859389,49571537900000.0,0.00561002407,18286796700000.0,0.00612393816,23253044500000.0,2.56622311,2386949860000000.0,136.301425,430283333000000.0,0.506304325,3754976520000.0
650,fits/NewResults_Feb2026/Fit_IndependentSeries/Fit_IndependentSeriesZirconiumVanadate_Refinement22022026_Independent/PDF_ZrV2O7_061_650C_avg_546_565_00000,0.17863781279721,26.4049,18409.99121370965,0,805,114,14.161490683229813,0.0167439956,45425172400000.0,0.00515324902,15353799400000.0,0.00592465569,19132436200000.0,2.58118854,1975819040000000.0,167.943261,371601445000000.0,0.492214419,2949949510000.0
655,fits/NewResults_Feb2026/Fit_IndependentSeries/Fit_IndependentSeriesZirconiumVanadate_Refinement22022026_Independent/PDF_ZrV2O7_061_655C_avg_566_585_00000,0.18677340364429,26.404,18408.108787264,0,800,125,15.625,0.0158089788,24494676000000.0,0.00571948157,7747049540000.0,0.00638418414,10797247800000.0,2.56605694,1102998980000000.0,134.463672,196545794000000.0,0.505642734,1766015140000.0
661,fits/NewResults_Feb2026/Fit_IndependentSeries/Fit_IndependentSeriesZirconiumVanadate_Refinement22022026_Independent/PDF_ZrV2O7_061_661C_avg_586_605_00000,0.187822192856516,26.4059,18412.08294915738,0,800,125,15.625,0.0155547024,4159256190000.0,0.00570141075,1170552410000.0,0.00660167721,1497905620000.0,2.55776713,132078024000000.0,133.680956,28198961300000.0,0.505276842,263312732000.0
666,fits/NewResults_Feb2026/Fit_IndependentSeries/Fit_IndependentSeriesZirconiumVanadate_Refinement22022026_Independent/PDF_ZrV2O7_061_666C_avg_606_625_00000,0.1819526452947944,26.4006,18400.99855651222,0,800,117,14.625,0.015702162,45293670600000.0,0.00524896896,18407005300000.0,0.00626337601,25053869500000.0,2.56261776,1367101910000000.0,170.111775,474100477000000.0,0.48888106,3189129110000.0
672,fits/NewResults_Feb2026/Fit_IndependentSeries/Fit_IndependentSeriesZirconiumVanadate_Refinement22022026_Independent/PDF_ZrV2O7_061_672C_avg_626_645_00000,0.188453696092547,26.4055,18411.246235966377,0,800,125,15.625,0.0161189947,3.29148388e+19,0.00553910072,8.55745441e+18,0.00661110561,7.12130511e+18,2.55584126,124772915000000.0,131.953639,6.80379343e+20,0.506722146,3.9255731e+18
677,fits/NewResults_Feb2026/Fit_IndependentSeries/Fit_IndependentSeriesZirconiumVanadate_Refinement22022026_Independent/PDF_ZrV2O7_061_677C_avg_646_665_00000,0.1792808895296989,26.4029,18405.808218096387,0,806,114,14.1439205955335,0.0148183743,8.56113314e+18,0.00494872564,8.94064178e+17,0.00619988676,7.45215136e+18,2.45668613,519630408000000.0,163.605193,1.53412364e+19,0.491177839,1.04402512e+18
688,fits/NewResults_Feb2026/Fit_IndependentSeries/Fit_IndependentSeriesZirconiumVanadate_Refinement22022026_Independent/PDF_ZrV2O7_061_688C_avg_666_685_00000,0.1886656513981106,26.4031,18406.226489141787,0,800,125,15.625,0.0164010031,61684645900000.0,0.00539619599,17655311700000.0,0.00669980444,21613066700000.0,2.54228203,1779806760000000.0,158.323171,390050366000000.0,0.493711528,3005450760000.0
699,fits/NewResults_Feb2026/Fit_IndependentSeries/Fit_IndependentSeriesZirconiumVanadate_Refinement22022026_Independent/PDF_ZrV2O7_061_699C_avg_686_705_00000,0.1869486901681233,26.3999,18399.534912791998,0,806,114,14.1439205955335,0.0188016408,4913934620000.0,0.00557440919,1290148470000.0,0.00669893672,1574908640000.0,2.61113309,113940383000000.0,158.187386,28828157400000.0,0.493619077,234840809000.0
